StartDate,EndDate,Status,IPAddress,Progress,Duration (in seconds),Finished,RecordedDate,ResponseId,RecipientLastName,RecipientFirstName,RecipientEmail,ExternalReference,LocationLatitude,LocationLongitude,DistributionChannel,UserLanguage,Q_RecaptchaScore,Q2.12_1,Q2.13_1,Q2.33,Q2.34,Q2.47,Q2.49,Q2.58,Q2.59#1_1_1,Q2.59#1_1_2,Q2.61#1_1_1,Q2.61#1_1_2,Q2.70,Q2.71,Q2.73,Q5.1_1,Q5.2_1,Q5.3,Q5.4,Q5.5,Q5.6,Q5.7,Q5.8,Q5.9,Q5.10,Q5.11,Q5.12#1_1_1,Q5.12#1_1_2,Q5.13_1,Q5.14,Q6.1_1,Q6.2_1,Q6.3,Q6.4,Q6.5,Q6.6,Q6.7,Q6.8,Q6.9,Q6.10,Q6.11,Q6.12#1_1_1,Q6.12#1_1_2,Q6.13_1,Q6.14,Q7.1_1,Q7.2_1,Q7.3,Q7.4,Q7.5,Q7.6,Q7.7,Q7.8,Q7.9,Q7.10,Q7.11,Q7.12#1_1_1,Q7.12#1_1_2,Q7.13_1,Q7.14,Q8.1_1,Q8.2_1,Q8.3,Q8.4,Q8.5,Q8.6,Q8.7,Q8.8,Q8.9,Q8.10,Q8.11,Q8.12#1_1_1,Q8.12#1_1_2,Q8.13_1,Q8.14,Q9.1_1,Q9.2_1,Q9.3,Q9.4,Q9.5,Q9.6,Q9.7,Q9.8,Q9.9,Q9.10,Q9.11,Q9.12#1_1_1,Q9.12#1_1_2,Q9.13_1,Q9.14,Q10.1_1,Q10.2_1,Q10.3,Q10.4,Q10.5,Q10.6,Q10.7,Q10.8,Q10.9,Q10.10,Q10.11,Q10.12#1_1_1,Q10.12#1_1_2,Q10.13_1,Q10.14,Q11.1_1,Q11.2_1,Q11.3,Q11.4,Q11.5,Q11.6,Q11.7,Q11.8,Q11.9,Q11.10,Q11.11,Q11.12#1_1_1,Q11.12#1_1_2,Q11.13_1,Q11.14,Q12.1_1,Q12.2_1,Q12.3,Q12.4,Q12.5,Q12.6,Q12.7,Q12.8,Q12.9,Q12.10,Q12.11,Q12.12#1_1_1,Q12.12#1_1_2,Q12.13_1,Q12.14,Q13.1_1,Q13.2_1,Q13.3,Q13.4,Q13.5,Q13.6,Q13.7,Q13.8,Q13.9,Q13.10,Q13.11,Q13.12#1_1_1,Q13.12#1_1_2,Q13.13_1,Q13.14,Q14.1_1,Q14.2_1,Q14.3,Q14.4,Q14.5,Q14.6,Q14.7,Q14.8,Q14.9,Q14.10,Q14.11,Q14.12#1_1_1,Q14.12#1_1_2,Q14.13_1,Q14.14,Q15.1_1,Q15.2_1,Q15.3,Q15.4,Q15.5,Q15.6,Q15.7,Q15.8,Q15.9,Q15.10,Q15.11,Q15.12#1_1_1,Q15.12#1_1_2,Q15.13_1,Q15.14,Q16.1_1,Q16.2_1,Q16.3,Q16.4,Q16.5,Q16.6,Q16.7,Q16.8,Q16.9,Q16.10,Q16.11,Q16.12#1_1_1,Q16.12#1_1_2,Q16.13_1,Q16.14,Q17.1_1,Q17.2_1,Q17.3,Q17.4,Q17.5,Q17.6,Q17.7,Q17.8,Q17.9,Q17.10,Q17.11,Q17.12#1_1_1,Q17.12#1_1_2,Q17.13_1,Q17.14,Q18.1_1,Q18.2_1,Q18.3,Q18.4,Q18.5,Q18.6,Q18.7,Q18.8,Q18.9,Q18.10,Q18.11,Q18.12#1_1_1,Q18.12#1_1_2,Q18.13_1,Q18.14,Q19.1_1,Q19.2_1,Q19.3,Q19.4,Q19.5,Q19.6,Q19.7,Q19.8,Q19.9,Q19.10,Q19.11,Q19.12#1_1_1,Q19.12#1_1_2,Q19.13_1,Q19.14,Q20.1_1,Q20.2_1,Q20.3,Q20.4,Q20.5,Q20.6,Q20.7,Q20.8,Q20.9,Q20.10,Q20.11,Q20.12#1_1_1,Q20.12#1_1_2,Q20.13_1,Q20.14,Q21.1_1,Q21.2_1,Q21.3,Q21.4,Q21.5,Q21.6,Q21.7,Q21.8,Q21.9,Q21.10,Q21.11,Q21.12#1_1_1,Q21.12#1_1_2,Q21.13_1,Q21.14,Q22.1_1,Q22.2_1,Q22.3,Q22.4,Q22.5,Q22.6,Q22.7,Q22.8,Q22.9,Q22.10,Q22.11,Q22.12#1_1_1,Q22.12#1_1_2,Q22.13_1,Q22.14,Q23.1_1,Q23.2_1,Q23.3,Q23.4,Q23.5,Q23.6,Q23.7,Q23.8,Q23.9,Q23.10,Q23.11,Q23.12#1_1_1,Q23.12#1_1_2,Q23.13_1,Q23.14,Q24.1_1,Q24.2_1,Q24.3,Q24.4,Q24.5,Q24.6,Q24.7,Q24.8,Q24.9,Q24.10,Q24.11,Q24.12#1_1_1,Q24.12#1_1_2,Q24.13_1,Q24.14,Q25.1_1,Q25.2_1,Q25.3,Q25.4,Q25.5,Q25.6,Q25.7,Q25.8,Q25.9,Q25.10,Q25.11,Q25.12#1_1_1,Q25.12#1_1_2,Q25.13_1,Q25.14,Q26.1_1,Q26.2_1,Q26.3,Q26.4,Q26.5,Q26.6,Q26.7,Q26.8,Q26.9,Q26.10,Q26.11,Q26.12#1_1_1,Q26.12#1_1_2,Q26.13_1,Q26.14,Q27.1_1,Q27.2_1,Q27.3,Q27.4,Q27.5,Q27.6,Q27.7,Q27.8,Q27.9,Q27.10,Q27.11,Q27.12#1_1_1,Q27.12#1_1_2,Q27.13_1,Q27.14,Q28.1_1,Q28.2_1,Q28.3,Q28.4,Q28.5,Q28.6,Q28.7,Q28.8,Q28.9,Q28.10,Q28.11,Q28.12#1_1_1,Q28.12#1_1_2,Q28.13_1,Q28.14,Q29.1_1,Q29.2_1,Q29.3,Q29.4,Q29.5,Q29.6,Q29.7,Q29.8,Q29.9,Q29.10,Q29.11,Q29.12#1_1_1,Q29.12#1_1_2,Q29.13_1,Q29.14,Q30.2,Q30.3,Q30.4_1,Q30.5,Q30.6_1,Q30.7_1,Q30.8,Q30.9,Q30.10_1,Q30.11,Q30.12
Start Date,End Date,Response Type,IP Address,Progress,Duration (in seconds),Finished,Recorded Date,Response ID,Recipient Last Name,Recipient First Name,Recipient Email,External Data Reference,Location Latitude,Location Longitude,Distribution Channel,User Language,Q_RecaptchaScore,Input - Divergent Information in Input,Output - Divergent Information in Output,Does Input include Output?,Does Output include Input?,"From within the Divergent Information in Output, copy and paste or write in the box below ONLY what you believe to be factually wrong information.

We ask you to insert one piece of information per line.
Please, consider the full spans of text containing Divergent Information in Output when copy-pasting or writing.","Unfortunately, your answers are wrong.

The only pieces of factually wrong information are:



Libya


The hotel also has a range of dining options.



These pieces of information are factually wrong, since they could well turn out to be wrong, given the information in I (i.e., the country where the hotel is located in is Egypt, and I does not state that the hotel provides dining options).

The other pieces of Divergent Information in Output contain subjective opinions, vague statements, or unverifiable information.

Here is how they should be inserted in the box (i.e., one piece of information per line):",Does Output contradict Input?,Copy and paste or write in the boxes below ONLY the parts in Input and Output that contradict eac... - Information Sources - Contradictory Statements - Input,Copy and paste or write in the boxes below ONLY the parts in Input and Output that contradict eac... - Information Sources - Contradictory Statements - Output,"Unfortunately, your answers are wrong. In this case, I and O contradict each other. Specifically,... - Information Sources - Contradictory Statements - Input","Unfortunately, your answers are wrong. In this case, I and O contradict each other. Specifically,... - Information Sources - Contradictory Statements - Output",Does Output contradict itself?,Copy and paste or write in the box below the parts of Output that contradict each other.,"Unfortunately, your answers are wrong.

In this case, O contradicts itself.

Specifically, these are the pieces of information that contradict each other and how they should be inserted in the box:",Input - Divergent Information in Input,Output - Divergent Information in Output,Does Output contradict itself?,Copy and paste or write in the box below the parts of Output that contradict each other.,Does Input include Output?,Does Output include Input?,Does Output contain factually wrong information?,"From within the Divergent Information in Output you highlighted earlier, copy and paste or write in the box below ONLY what you believe to be factually wrong information (one piece of information per line  and consider the full spans of text).",Does Output include Input?,Does Output include Input?,Does Output contradict Input?,Copy and paste or write in the boxes below the parts in Input and Output that contradict each oth... - Information Sources - Contradictory Statements - Input,Copy and paste or write in the boxes below the parts in Input and Output that contradict each oth... - Information Sources - Contradictory Statements - Output,"All in all, how truthful do you believe Output is with respect to what is stated in Input? - Truthfulness",Do you have any additional comments on this Input - Output pair?,Input - Divergent Information in Input,Output - Divergent Information in Output,Does Output contradict itself?,Copy and paste or write in the box below the parts of Output that contradict each other.,Does Input include Output?,Does Output include Input?,Does Output contain factually wrong information?,"From within the Divergent Information in Output you highlighted earlier, copy and paste or write in the box below ONLY what you believe to be factually wrong information (one piece of information per line  and consider the full spans of text).",Does Output include Input?,Does Output include Input?,Does Output contradict Input?,Copy and paste or write in the boxes below the parts in Input and Output that contradict each oth... - Information Sources - Contradictory Statements - Input,Copy and paste or write in the boxes below the parts in Input and Output that contradict each oth... - Information Sources - Contradictory Statements - Output,"All in all, how truthful do you believe Output is with respect to what is stated in Input? - Truthfulness",Do you have any additional comments on this Input - Output pair?,Input - Divergent Information in Input,Output - Divergent Information in Output,Does Output contradict itself?,Copy and paste or write in the box below the parts of Output that contradict each other.,Does Input include Output?,Does Output include Input?,Does Output contain factually wrong information?,"From within the Divergent Information in Output you highlighted earlier, copy and paste or write in the box below ONLY what you believe to be factually wrong information (one piece of information per line  and consider the full spans of text).",Does Output include Input?,Does Output include Input?,Does Output contradict Input?,Copy and paste or write in the boxes below the parts in Input and Output that contradict each oth... - Information Sources - Contradictory Statements - Input,Copy and paste or write in the boxes below the parts in Input and Output that contradict each oth... - Information Sources - Contradictory Statements - Output,"All in all, how truthful do you believe Output is with respect to what is stated in Input? - Truthfulness",Do you have any additional comments on this Input - Output pair?,Input - Divergent Information in Input,Output - Divergent Information in Output,Does Output contradict itself?,Copy and paste or write in the box below the parts of Output that contradict each other.,Does Input include Output?,Does Output include Input?,Does Output contain factually wrong information?,"From within the Divergent Information in Output you highlighted earlier, copy and paste or write in the box below ONLY what you believe to be factually wrong information (one piece of information per line  and consider the full spans of text).",Does Output include Input?,Does Output include Input?,Does Output contradict Input?,Copy and paste or write in the boxes below the parts in Input and Output that contradict each oth... - Information Sources - Contradictory Statements - Input,Copy and paste or write in the boxes below the parts in Input and Output that contradict each oth... - Information Sources - Contradictory Statements - Output,"All in all, how truthful do you believe Output is with respect to what is stated in Input? - Truthfulness",Do you have any additional comments on this Input - Output pair?,Input - Divergent Information in Input,Output - Divergent Information in Output,Does Output contradict itself?,Copy and paste or write in the box below the parts of Output that contradict each other.,Does Input include Output?,Does Output include Input?,Does Output contain factually wrong information?,"From within the Divergent Information in Output you highlighted earlier, copy and paste or write in the box below ONLY what you believe to be factually wrong information (one piece of information per line  and consider the full spans of text).",Does Output include Input?,Does Output include Input?,Does Output contradict Input?,Copy and paste or write in the boxes below the parts in Input and Output that contradict each oth... - Information Sources - Contradictory Statements - Input,Copy and paste or write in the boxes below the parts in Input and Output that contradict each oth... - Information Sources - Contradictory Statements - Output,"All in all, how truthful do you believe Output is with respect to what is stated in Input? - Truthfulness",Do you have any additional comments on this Input - Output pair?,Input - Divergent Information in Input,Output - Divergent Information in Output,Does Output contradict itself?,Copy and paste or write in the box below the parts of Output that contradict each other.,Does Input include Output?,Does Output include Input?,Does Output contain factually wrong information?,"From within the Divergent Information in Output you highlighted earlier, copy and paste or write in the box below ONLY what you believe to be factually wrong information (one piece of information per line  and consider the full spans of text).",Does Output include Input?,Does Output include Input?,Does Output contradict Input?,Copy and paste or write in the boxes below the parts in Input and Output that contradict each oth... - Information Sources - Contradictory Statements - Input,Copy and paste or write in the boxes below the parts in Input and Output that contradict each oth... - Information Sources - Contradictory Statements - Output,"All in all, how truthful do you believe Output is with respect to what is stated in Input? - Truthfulness",Do you have any additional comments on this Input - Output pair?,Input - Divergent Information in Input,Output - Divergent Information in Output,Does Output contradict itself?,Copy and paste or write in the box below the parts of Output that contradict each other.,Does Input include Output?,Does Output include Input?,Does Output contain factually wrong information?,"From within the Divergent Information in Output you highlighted earlier, copy and paste or write in the box below ONLY what you believe to be factually wrong information (one piece of information per line  and consider the full spans of text).",Does Output include Input?,Does Output include Input?,Does Output contradict Input?,Copy and paste or write in the boxes below the parts in Input and Output that contradict each oth... - Information Sources - Contradictory Statements - Input,Copy and paste or write in the boxes below the parts in Input and Output that contradict each oth... - Information Sources - Contradictory Statements - Output,"All in all, how truthful do you believe Output is with respect to what is stated in Input? - Truthfulness",Do you have any additional comments on this Input - Output pair?,Input - Divergent Information in Input,Output - Divergent Information in Output,Does Output contradict itself?,Copy and paste or write in the box below the parts of Output that contradict each other.,Does Input include Output?,Does Output include Input?,Does Output contain factually wrong information?,"From within the Divergent Information in Output you highlighted earlier, copy and paste or write in the box below ONLY what you believe to be factually wrong information (one piece of information per line  and consider the full spans of text).",Does Output include Input?,Does Output include Input?,Does Output contradict Input?,Copy and paste or write in the boxes below the parts in Input and Output that contradict each oth... - Information Sources - Contradictory Statements - Input,Copy and paste or write in the boxes below the parts in Input and Output that contradict each oth... - Information Sources - Contradictory Statements - Output,"All in all, how truthful do you believe Output is with respect to what is stated in Input? - Truthfulness",Do you have any additional comments on this Input - Output pair?,Input - Divergent Information in Input,Output - Divergent Information in Output,Does Output contradict itself?,Copy and paste or write in the box below the parts of Output that contradict each other.,Does Input include Output?,Does Output include Input?,Does Output contain factually wrong information?,"From within the Divergent Information in Output you highlighted earlier, copy and paste or write in the box below ONLY what you believe to be factually wrong information (one piece of information per line  and consider the full spans of text).",Does Output include Input?,Does Output include Input?,Does Output contradict Input?,Copy and paste or write in the boxes below the parts in Input and Output that contradict each oth... - Information Sources - Contradictory Statements - Input,Copy and paste or write in the boxes below the parts in Input and Output that contradict each oth... - Information Sources - Contradictory Statements - Output,"All in all, how truthful do you believe Output is with respect to what is stated in Input? - Truthfulness",Do you have any additional comments on this Input - Output pair?,Input - Divergent Information in Input,Output - Divergent Information in Output,Does Output contradict itself?,Copy and paste or write in the box below the parts of Output that contradict each other.,Does Input include Output?,Does Output include Input?,Does Output contain factually wrong information?,"From within the Divergent Information in Output you highlighted earlier, copy and paste or write in the box below ONLY what you believe to be factually wrong information (one piece of information per line  and consider the full spans of text).",Does Output include Input?,Does Output include Input?,Does Output contradict Input?,Copy and paste or write in the boxes below the parts in Input and Output that contradict each oth... - Information Sources - Contradictory Statements - Input,Copy and paste or write in the boxes below the parts in Input and Output that contradict each oth... - Information Sources - Contradictory Statements - Output,"All in all, how truthful do you believe Output is with respect to what is stated in Input? - Truthfulness",Do you have any additional comments on this Input - Output pair?,Input - Divergent Information in Input,Output - Divergent Information in Output,Does Output contradict itself?,Copy and paste or write in the box below the parts of Output that contradict each other.,Does Input include Output?,Does Output include Input?,Does Output contain factually wrong information?,"From within the Divergent Information in Output you highlighted earlier, copy and paste or write in the box below ONLY what you believe to be factually wrong information (one piece of information per line  and consider the full spans of text).",Does Output include Input?,Does Output include Input?,Does Output contradict Input?,Copy and paste or write in the boxes below the parts in Input and Output that contradict each oth... - Information Sources - Contradictory Statements - Input,Copy and paste or write in the boxes below the parts in Input and Output that contradict each oth... - Information Sources - Contradictory Statements - Output,"All in all, how truthful do you believe Output is with respect to what is stated in Input? - Truthfulness",Do you have any additional comments on this Input - Output pair?,Input - Divergent Information in Input,Output - Divergent Information in Output,Does Output contradict itself?,Copy and paste or write in the box below the parts of Output that contradict each other.,Does Input include Output?,Does Output include Input?,Does Output contain factually wrong information?,"From within the Divergent Information in Output you highlighted earlier, copy and paste or write in the box below ONLY what you believe to be factually wrong information (one piece of information per line  and consider the full spans of text).",Does Output include Input?,Does Output include Input?,Does Output contradict Input?,Copy and paste or write in the boxes below the parts in Input and Output that contradict each oth... - Information Sources - Contradictory Statements - Input,Copy and paste or write in the boxes below the parts in Input and Output that contradict each oth... - Information Sources - Contradictory Statements - Output,"All in all, how truthful do you believe Output is with respect to what is stated in Input? - Truthfulness",Do you have any additional comments on this Input - Output pair?,Input - Divergent Information in Input,Output - Divergent Information in Output,Does Output contradict itself?,Copy and paste or write in the box below the parts of Output that contradict each other.,Does Input include Output?,Does Output include Input?,Does Output contain factually wrong information?,"From within the Divergent Information in Output you highlighted earlier, copy and paste or write in the box below ONLY what you believe to be factually wrong information (one piece of information per line  and consider the full spans of text).",Does Output include Input?,Does Output include Input?,Does Output contradict Input?,Copy and paste or write in the boxes below the parts in Input and Output that contradict each oth... - Information Sources - Contradictory Statements - Input,Copy and paste or write in the boxes below the parts in Input and Output that contradict each oth... - Information Sources - Contradictory Statements - Output,"All in all, how truthful do you believe Output is with respect to what is stated in Input? - Truthfulness",Do you have any additional comments on this Input - Output pair?,Input - Divergent Information in Input,Output - Divergent Information in Output,Does Output contradict itself?,Copy and paste or write in the box below the parts of Output that contradict each other.,Does Input include Output?,Does Output include Input?,Does Output contain factually wrong information?,"From within the Divergent Information in Output you highlighted earlier, copy and paste or write in the box below ONLY what you believe to be factually wrong information (one piece of information per line  and consider the full spans of text).",Does Output include Input?,Does Output include Input?,Does Output contradict Input?,Copy and paste or write in the boxes below the parts in Input and Output that contradict each oth... - Information Sources - Contradictory Statements - Input,Copy and paste or write in the boxes below the parts in Input and Output that contradict each oth... - Information Sources - Contradictory Statements - Output,"All in all, how truthful do you believe Output is with respect to what is stated in Input? - Truthfulness",Do you have any additional comments on this Input - Output pair?,Input - Divergent Information in Input,Output - Divergent Information in Output,Does Output contradict itself?,Copy and paste or write in the box below the parts of Output that contradict each other.,Does Input include Output?,Does Output include Input?,Does Output contain factually wrong information?,"From within the Divergent Information in Output you highlighted earlier, copy and paste or write in the box below ONLY what you believe to be factually wrong information (one piece of information per line  and consider the full spans of text).",Does Output include Input?,Does Output include Input?,Does Output contradict Input?,Copy and paste or write in the boxes below the parts in Input and Output that contradict each oth... - Information Sources - Contradictory Statements - Input,Copy and paste or write in the boxes below the parts in Input and Output that contradict each oth... - Information Sources - Contradictory Statements - Output,"All in all, how truthful do you believe Output is with respect to what is stated in Input? - Truthfulness",Do you have any additional comments on this Input - Output pair?,Input - Divergent Information in Input,Output - Divergent Information in Output,Does Output contradict itself?,Copy and paste or write in the box below the parts of Output that contradict each other.,Does Input include Output?,Does Output include Input?,Does Output contain factually wrong information?,"From within the Divergent Information in Output you highlighted earlier, copy and paste or write in the box below ONLY what you believe to be factually wrong information (one piece of information per line  and consider the full spans of text).",Does Output include Input?,Does Output include Input?,Does Output contradict Input?,Copy and paste or write in the boxes below the parts in Input and Output that contradict each oth... - Information Sources - Contradictory Statements - Input,Copy and paste or write in the boxes below the parts in Input and Output that contradict each oth... - Information Sources - Contradictory Statements - Output,"All in all, how truthful do you believe Output is with respect to what is stated in Input? - Truthfulness",Do you have any additional comments on this Input - Output pair?,Input - Divergent Information in Input,Output - Divergent Information in Output,Does Output contradict itself?,Copy and paste or write in the box below the parts of Output that contradict each other.,Does Input include Output?,Does Output include Input?,Does Output contain factually wrong information?,"From within the Divergent Information in Output you highlighted earlier, copy and paste or write in the box below ONLY what you believe to be factually wrong information (one piece of information per line  and consider the full spans of text).",Does Output include Input?,Does Output include Input?,Does Output contradict Input?,Copy and paste or write in the boxes below the parts in Input and Output that contradict each oth... - Information Sources - Contradictory Statements - Input,Copy and paste or write in the boxes below the parts in Input and Output that contradict each oth... - Information Sources - Contradictory Statements - Output,"All in all, how truthful do you believe Output is with respect to what is stated in Input? - Truthfulness",Do you have any additional comments on this Input - Output pair?,Input - Divergent Information in Input,Output - Divergent Information in Output,Does Output contradict itself?,Copy and paste or write in the box below the parts of Output that contradict each other.,Does Input include Output?,Does Output include Input?,Does Output contain factually wrong information?,"From within the Divergent Information in Output you highlighted earlier, copy and paste or write in the box below ONLY what you believe to be factually wrong information (one piece of information per line  and consider the full spans of text).",Does Output include Input?,Does Output include Input?,Does Output contradict Input?,Copy and paste or write in the boxes below the parts in Input and Output that contradict each oth... - Information Sources - Contradictory Statements - Input,Copy and paste or write in the boxes below the parts in Input and Output that contradict each oth... - Information Sources - Contradictory Statements - Output,"All in all, how truthful do you believe Output is with respect to what is stated in Input? - Truthfulness",Do you have any additional comments on this Input - Output pair?,Input - Divergent Information in Input,Output - Divergent Information in Output,Does Output contradict itself?,Copy and paste or write in the box below the parts of Output that contradict each other.,Does Input include Output?,Does Output include Input?,Does Output contain factually wrong information?,"From within the Divergent Information in Output you highlighted earlier, copy and paste or write in the box below ONLY what you believe to be factually wrong information (one piece of information per line  and consider the full spans of text).",Does Output include Input?,Does Output include Input?,Does Output contradict Input?,Copy and paste or write in the boxes below the parts in Input and Output that contradict each oth... - Information Sources - Contradictory Statements - Input,Copy and paste or write in the boxes below the parts in Input and Output that contradict each oth... - Information Sources - Contradictory Statements - Output,"All in all, how truthful do you believe Output is with respect to what is stated in Input? - Truthfulness",Do you have any additional comments on this Input - Output pair?,Input - Divergent Information in Input,Output - Divergent Information in Output,Does Output contradict itself?,Copy and paste or write in the box below the parts of Output that contradict each other.,Does Input include Output?,Does Output include Input?,Does Output contain factually wrong information?,"From within the Divergent Information in Output you highlighted earlier, copy and paste or write in the box below ONLY what you believe to be factually wrong information (one piece of information per line  and consider the full spans of text).",Does Output include Input?,Does Output include Input?,Does Output contradict Input?,Copy and paste or write in the boxes below the parts in Input and Output that contradict each oth... - Information Sources - Contradictory Statements - Input,Copy and paste or write in the boxes below the parts in Input and Output that contradict each oth... - Information Sources - Contradictory Statements - Output,"All in all, how truthful do you believe Output is with respect to what is stated in Input? - Truthfulness",Do you have any additional comments on this Input - Output pair?,Input - Divergent Information in Input,Output - Divergent Information in Output,Does Output contradict itself?,Copy and paste or write in the box below the parts of Output that contradict each other.,Does Input include Output?,Does Output include Input?,Does Output contain factually wrong information?,"From within the Divergent Information in Output you highlighted earlier, copy and paste or write in the box below ONLY what you believe to be factually wrong information (one piece of information per line  and consider the full spans of text).",Does Output include Input?,Does Output include Input?,Does Output contradict Input?,Copy and paste or write in the boxes below the parts in Input and Output that contradict each oth... - Information Sources - Contradictory Statements - Input,Copy and paste or write in the boxes below the parts in Input and Output that contradict each oth... - Information Sources - Contradictory Statements - Output,"All in all, how truthful do you believe Output is with respect to what is stated in Input? - Truthfulness",Do you have any additional comments on this Input - Output pair?,Input - Divergent Information in Input,Output - Divergent Information in Output,Does Output contradict itself?,Copy and paste or write in the box below the parts of Output that contradict each other.,Does Input include Output?,Does Output include Input?,Does Output contain factually wrong information?,"From within the Divergent Information in Output you highlighted earlier, copy and paste or write in the box below ONLY what you believe to be factually wrong information (one piece of information per line  and consider the full spans of text).",Does Output include Input?,Does Output include Input?,Does Output contradict Input?,Copy and paste or write in the boxes below the parts in Input and Output that contradict each oth... - Information Sources - Contradictory Statements - Input,Copy and paste or write in the boxes below the parts in Input and Output that contradict each oth... - Information Sources - Contradictory Statements - Output,"All in all, how truthful do you believe Output is with respect to what is stated in Input? - Truthfulness",Do you have any additional comments on this Input - Output pair?,Input - Divergent Information in Input,Output - Divergent Information in Output,Does Output contradict itself?,Copy and paste or write in the box below the parts of Output that contradict each other.,Does Input include Output?,Does Output include Input?,Does Output contain factually wrong information?,"From within the Divergent Information in Output you highlighted earlier, copy and paste or write in the box below ONLY what you believe to be factually wrong information (one piece of information per line  and consider the full spans of text).",Does Output include Input?,Does Output include Input?,Does Output contradict Input?,Copy and paste or write in the boxes below the parts in Input and Output that contradict each oth... - Information Sources - Contradictory Statements - Input,Copy and paste or write in the boxes below the parts in Input and Output that contradict each oth... - Information Sources - Contradictory Statements - Output,"All in all, how truthful do you believe Output is with respect to what is stated in Input? - Truthfulness",Do you have any additional comments on this Input - Output pair?,Input - Divergent Information in Input,Output - Divergent Information in Output,Does Output contradict itself?,Copy and paste or write in the box below the parts of Output that contradict each other.,Does Input include Output?,Does Output include Input?,Does Output contain factually wrong information?,"From within the Divergent Information in Output you highlighted earlier, copy and paste or write in the box below ONLY what you believe to be factually wrong information (one piece of information per line  and consider the full spans of text).",Does Output include Input?,Does Output include Input?,Does Output contradict Input?,Copy and paste or write in the boxes below the parts in Input and Output that contradict each oth... - Information Sources - Contradictory Statements - Input,Copy and paste or write in the boxes below the parts in Input and Output that contradict each oth... - Information Sources - Contradictory Statements - Output,"All in all, how truthful do you believe Output is with respect to what is stated in Input? - Truthfulness",Do you have any additional comments on this Input - Output pair?,Input - Divergent Information in Input,Output - Divergent Information in Output,Does Output contradict itself?,Copy and paste or write in the box below the parts of Output that contradict each other.,Does Input include Output?,Does Output include Input?,Does Output contain factually wrong information?,"From within the Divergent Information in Output you highlighted earlier, copy and paste or write in the box below ONLY what you believe to be factually wrong information (one piece of information per line  and consider the full spans of text).",Does Output include Input?,Does Output include Input?,Does Output contradict Input?,Copy and paste or write in the boxes below the parts in Input and Output that contradict each oth... - Information Sources - Contradictory Statements - Input,Copy and paste or write in the boxes below the parts in Input and Output that contradict each oth... - Information Sources - Contradictory Statements - Output,"All in all, how truthful do you believe Output is with respect to what is stated in Input? - Truthfulness",Do you have any additional comments on this Input - Output pair?,How long did it take (on average) to complete a single Input - Output pair?,"How long did it take to complete the whole experiment (interactive training, reading the guidelines, performing the task, etc.)?",How would you rate the complexity of the experiment? - Complexity,"Which were the most challenging parts, if any?",How helpful was the interactive training? - Helpfulness,How clear are the guidelines? - Clarity,"Do you understand the terminology? (e.g., inclusion, factually wrong, etc.)",Do you see any room for improvement in the interactive training and/or in the guidelines? (any aspect is welcome),How easy was it for you to use the graphical interface? - Easiness,Would you improve anything in the graphical interface?,Any last remark?
"{""ImportId"":""startDate"",""timeZone"":""America/Denver""}","{""ImportId"":""endDate"",""timeZone"":""America/Denver""}","{""ImportId"":""status""}","{""ImportId"":""ipAddress""}","{""ImportId"":""progress""}","{""ImportId"":""duration""}","{""ImportId"":""finished""}","{""ImportId"":""recordedDate"",""timeZone"":""America/Denver""}","{""ImportId"":""_recordId""}","{""ImportId"":""recipientLastName""}","{""ImportId"":""recipientFirstName""}","{""ImportId"":""recipientEmail""}","{""ImportId"":""externalDataReference""}","{""ImportId"":""locationLatitude""}","{""ImportId"":""locationLongitude""}","{""ImportId"":""distributionChannel""}","{""ImportId"":""userLanguage""}","{""ImportId"":""Q_RecaptchaScore""}","{""ImportId"":""QID71_1""}","{""ImportId"":""QID72_1""}","{""ImportId"":""QID96""}","{""ImportId"":""QID97""}","{""ImportId"":""QID125_TEXT""}","{""ImportId"":""QID127_TEXT""}","{""ImportId"":""QID114""}","{""ImportId"":""QID115#1_1_1""}","{""ImportId"":""QID115#1_1_2""}","{""ImportId"":""QID120#1_1_1""}","{""ImportId"":""QID120#1_1_2""}","{""ImportId"":""QID135""}","{""ImportId"":""QID136_TEXT""}","{""ImportId"":""QID138_TEXT""}","{""ImportId"":""QID1_1""}","{""ImportId"":""QID2_1""}","{""ImportId"":""QID3""}","{""ImportId"":""QID57_TEXT""}","{""ImportId"":""QID4""}","{""ImportId"":""QID20""}","{""ImportId"":""QID5""}","{""ImportId"":""QID12_TEXT""}","{""ImportId"":""QID22""}","{""ImportId"":""QID23""}","{""ImportId"":""QID24""}","{""ImportId"":""QID25#1_1_1""}","{""ImportId"":""QID25#1_1_2""}","{""ImportId"":""QID27_1""}","{""ImportId"":""QID59_TEXT""}","{""ImportId"":""QID375_1""}","{""ImportId"":""QID376_1""}","{""ImportId"":""QID377""}","{""ImportId"":""QID378_TEXT""}","{""ImportId"":""QID379""}","{""ImportId"":""QID380""}","{""ImportId"":""QID381""}","{""ImportId"":""QID382_TEXT""}","{""ImportId"":""QID383""}","{""ImportId"":""QID384""}","{""ImportId"":""QID385""}","{""ImportId"":""QID386#1_1_1""}","{""ImportId"":""QID386#1_1_2""}","{""ImportId"":""QID387_1""}","{""ImportId"":""QID388_TEXT""}","{""ImportId"":""QID431_1""}","{""ImportId"":""QID432_1""}","{""ImportId"":""QID433""}","{""ImportId"":""QID434_TEXT""}","{""ImportId"":""QID435""}","{""ImportId"":""QID436""}","{""ImportId"":""QID437""}","{""ImportId"":""QID438_TEXT""}","{""ImportId"":""QID439""}","{""ImportId"":""QID440""}","{""ImportId"":""QID441""}","{""ImportId"":""QID442#1_1_1""}","{""ImportId"":""QID442#1_1_2""}","{""ImportId"":""QID443_1""}","{""ImportId"":""QID444_TEXT""}","{""ImportId"":""QID487_1""}","{""ImportId"":""QID488_1""}","{""ImportId"":""QID489""}","{""ImportId"":""QID490_TEXT""}","{""ImportId"":""QID491""}","{""ImportId"":""QID492""}","{""ImportId"":""QID493""}","{""ImportId"":""QID494_TEXT""}","{""ImportId"":""QID495""}","{""ImportId"":""QID496""}","{""ImportId"":""QID497""}","{""ImportId"":""QID498#1_1_1""}","{""ImportId"":""QID498#1_1_2""}","{""ImportId"":""QID499_1""}","{""ImportId"":""QID500_TEXT""}","{""ImportId"":""QID543_1""}","{""ImportId"":""QID544_1""}","{""ImportId"":""QID545""}","{""ImportId"":""QID546_TEXT""}","{""ImportId"":""QID547""}","{""ImportId"":""QID548""}","{""ImportId"":""QID549""}","{""ImportId"":""QID550_TEXT""}","{""ImportId"":""QID551""}","{""ImportId"":""QID552""}","{""ImportId"":""QID553""}","{""ImportId"":""QID554#1_1_1""}","{""ImportId"":""QID554#1_1_2""}","{""ImportId"":""QID555_1""}","{""ImportId"":""QID556_TEXT""}","{""ImportId"":""QID263_1""}","{""ImportId"":""QID264_1""}","{""ImportId"":""QID265""}","{""ImportId"":""QID266_TEXT""}","{""ImportId"":""QID267""}","{""ImportId"":""QID268""}","{""ImportId"":""QID269""}","{""ImportId"":""QID270_TEXT""}","{""ImportId"":""QID271""}","{""ImportId"":""QID272""}","{""ImportId"":""QID273""}","{""ImportId"":""QID274#1_1_1""}","{""ImportId"":""QID274#1_1_2""}","{""ImportId"":""QID275_1""}","{""ImportId"":""QID276_TEXT""}","{""ImportId"":""QID319_1""}","{""ImportId"":""QID320_1""}","{""ImportId"":""QID321""}","{""ImportId"":""QID322_TEXT""}","{""ImportId"":""QID323""}","{""ImportId"":""QID324""}","{""ImportId"":""QID325""}","{""ImportId"":""QID326_TEXT""}","{""ImportId"":""QID327""}","{""ImportId"":""QID328""}","{""ImportId"":""QID329""}","{""ImportId"":""QID330#1_1_1""}","{""ImportId"":""QID330#1_1_2""}","{""ImportId"":""QID331_1""}","{""ImportId"":""QID332_TEXT""}","{""ImportId"":""QID445_1""}","{""ImportId"":""QID446_1""}","{""ImportId"":""QID447""}","{""ImportId"":""QID448_TEXT""}","{""ImportId"":""QID449""}","{""ImportId"":""QID450""}","{""ImportId"":""QID451""}","{""ImportId"":""QID452_TEXT""}","{""ImportId"":""QID453""}","{""ImportId"":""QID454""}","{""ImportId"":""QID455""}","{""ImportId"":""QID456#1_1_1""}","{""ImportId"":""QID456#1_1_2""}","{""ImportId"":""QID457_1""}","{""ImportId"":""QID458_TEXT""}","{""ImportId"":""QID501_1""}","{""ImportId"":""QID502_1""}","{""ImportId"":""QID503""}","{""ImportId"":""QID504_TEXT""}","{""ImportId"":""QID505""}","{""ImportId"":""QID506""}","{""ImportId"":""QID507""}","{""ImportId"":""QID508_TEXT""}","{""ImportId"":""QID509""}","{""ImportId"":""QID510""}","{""ImportId"":""QID511""}","{""ImportId"":""QID512#1_1_1""}","{""ImportId"":""QID512#1_1_2""}","{""ImportId"":""QID513_1""}","{""ImportId"":""QID514_TEXT""}","{""ImportId"":""QID557_1""}","{""ImportId"":""QID558_1""}","{""ImportId"":""QID559""}","{""ImportId"":""QID560_TEXT""}","{""ImportId"":""QID561""}","{""ImportId"":""QID562""}","{""ImportId"":""QID563""}","{""ImportId"":""QID564_TEXT""}","{""ImportId"":""QID565""}","{""ImportId"":""QID566""}","{""ImportId"":""QID567""}","{""ImportId"":""QID568#1_1_1""}","{""ImportId"":""QID568#1_1_2""}","{""ImportId"":""QID569_1""}","{""ImportId"":""QID570_TEXT""}","{""ImportId"":""QID277_1""}","{""ImportId"":""QID278_1""}","{""ImportId"":""QID279""}","{""ImportId"":""QID280_TEXT""}","{""ImportId"":""QID281""}","{""ImportId"":""QID282""}","{""ImportId"":""QID283""}","{""ImportId"":""QID284_TEXT""}","{""ImportId"":""QID285""}","{""ImportId"":""QID286""}","{""ImportId"":""QID287""}","{""ImportId"":""QID288#1_1_1""}","{""ImportId"":""QID288#1_1_2""}","{""ImportId"":""QID289_1""}","{""ImportId"":""QID290_TEXT""}","{""ImportId"":""QID333_1""}","{""ImportId"":""QID334_1""}","{""ImportId"":""QID335""}","{""ImportId"":""QID336_TEXT""}","{""ImportId"":""QID337""}","{""ImportId"":""QID338""}","{""ImportId"":""QID339""}","{""ImportId"":""QID340_TEXT""}","{""ImportId"":""QID341""}","{""ImportId"":""QID342""}","{""ImportId"":""QID343""}","{""ImportId"":""QID344#1_1_1""}","{""ImportId"":""QID344#1_1_2""}","{""ImportId"":""QID345_1""}","{""ImportId"":""QID346_TEXT""}","{""ImportId"":""QID389_1""}","{""ImportId"":""QID390_1""}","{""ImportId"":""QID391""}","{""ImportId"":""QID392_TEXT""}","{""ImportId"":""QID393""}","{""ImportId"":""QID394""}","{""ImportId"":""QID395""}","{""ImportId"":""QID396_TEXT""}","{""ImportId"":""QID397""}","{""ImportId"":""QID398""}","{""ImportId"":""QID399""}","{""ImportId"":""QID400#1_1_1""}","{""ImportId"":""QID400#1_1_2""}","{""ImportId"":""QID401_1""}","{""ImportId"":""QID402_TEXT""}","{""ImportId"":""QID515_1""}","{""ImportId"":""QID516_1""}","{""ImportId"":""QID517""}","{""ImportId"":""QID518_TEXT""}","{""ImportId"":""QID519""}","{""ImportId"":""QID520""}","{""ImportId"":""QID521""}","{""ImportId"":""QID522_TEXT""}","{""ImportId"":""QID523""}","{""ImportId"":""QID524""}","{""ImportId"":""QID525""}","{""ImportId"":""QID526#1_1_1""}","{""ImportId"":""QID526#1_1_2""}","{""ImportId"":""QID527_1""}","{""ImportId"":""QID528_TEXT""}","{""ImportId"":""QID571_1""}","{""ImportId"":""QID572_1""}","{""ImportId"":""QID573""}","{""ImportId"":""QID574_TEXT""}","{""ImportId"":""QID575""}","{""ImportId"":""QID576""}","{""ImportId"":""QID577""}","{""ImportId"":""QID578_TEXT""}","{""ImportId"":""QID579""}","{""ImportId"":""QID580""}","{""ImportId"":""QID581""}","{""ImportId"":""QID582#1_1_1""}","{""ImportId"":""QID582#1_1_2""}","{""ImportId"":""QID583_1""}","{""ImportId"":""QID584_TEXT""}","{""ImportId"":""QID291_1""}","{""ImportId"":""QID292_1""}","{""ImportId"":""QID293""}","{""ImportId"":""QID294_TEXT""}","{""ImportId"":""QID295""}","{""ImportId"":""QID296""}","{""ImportId"":""QID297""}","{""ImportId"":""QID298_TEXT""}","{""ImportId"":""QID299""}","{""ImportId"":""QID300""}","{""ImportId"":""QID301""}","{""ImportId"":""QID302#1_1_1""}","{""ImportId"":""QID302#1_1_2""}","{""ImportId"":""QID303_1""}","{""ImportId"":""QID304_TEXT""}","{""ImportId"":""QID347_1""}","{""ImportId"":""QID348_1""}","{""ImportId"":""QID349""}","{""ImportId"":""QID350_TEXT""}","{""ImportId"":""QID351""}","{""ImportId"":""QID352""}","{""ImportId"":""QID353""}","{""ImportId"":""QID354_TEXT""}","{""ImportId"":""QID355""}","{""ImportId"":""QID356""}","{""ImportId"":""QID357""}","{""ImportId"":""QID358#1_1_1""}","{""ImportId"":""QID358#1_1_2""}","{""ImportId"":""QID359_1""}","{""ImportId"":""QID360_TEXT""}","{""ImportId"":""QID403_1""}","{""ImportId"":""QID404_1""}","{""ImportId"":""QID405""}","{""ImportId"":""QID406_TEXT""}","{""ImportId"":""QID407""}","{""ImportId"":""QID408""}","{""ImportId"":""QID409""}","{""ImportId"":""QID410_TEXT""}","{""ImportId"":""QID411""}","{""ImportId"":""QID412""}","{""ImportId"":""QID413""}","{""ImportId"":""QID414#1_1_1""}","{""ImportId"":""QID414#1_1_2""}","{""ImportId"":""QID415_1""}","{""ImportId"":""QID416_TEXT""}","{""ImportId"":""QID459_1""}","{""ImportId"":""QID460_1""}","{""ImportId"":""QID461""}","{""ImportId"":""QID462_TEXT""}","{""ImportId"":""QID463""}","{""ImportId"":""QID464""}","{""ImportId"":""QID465""}","{""ImportId"":""QID466_TEXT""}","{""ImportId"":""QID467""}","{""ImportId"":""QID468""}","{""ImportId"":""QID469""}","{""ImportId"":""QID470#1_1_1""}","{""ImportId"":""QID470#1_1_2""}","{""ImportId"":""QID471_1""}","{""ImportId"":""QID472_TEXT""}","{""ImportId"":""QID585_1""}","{""ImportId"":""QID586_1""}","{""ImportId"":""QID587""}","{""ImportId"":""QID588_TEXT""}","{""ImportId"":""QID589""}","{""ImportId"":""QID590""}","{""ImportId"":""QID591""}","{""ImportId"":""QID592_TEXT""}","{""ImportId"":""QID593""}","{""ImportId"":""QID594""}","{""ImportId"":""QID595""}","{""ImportId"":""QID596#1_1_1""}","{""ImportId"":""QID596#1_1_2""}","{""ImportId"":""QID597_1""}","{""ImportId"":""QID598_TEXT""}","{""ImportId"":""QID305_1""}","{""ImportId"":""QID306_1""}","{""ImportId"":""QID307""}","{""ImportId"":""QID308_TEXT""}","{""ImportId"":""QID309""}","{""ImportId"":""QID310""}","{""ImportId"":""QID311""}","{""ImportId"":""QID312_TEXT""}","{""ImportId"":""QID313""}","{""ImportId"":""QID314""}","{""ImportId"":""QID315""}","{""ImportId"":""QID316#1_1_1""}","{""ImportId"":""QID316#1_1_2""}","{""ImportId"":""QID317_1""}","{""ImportId"":""QID318_TEXT""}","{""ImportId"":""QID361_1""}","{""ImportId"":""QID362_1""}","{""ImportId"":""QID363""}","{""ImportId"":""QID364_TEXT""}","{""ImportId"":""QID365""}","{""ImportId"":""QID366""}","{""ImportId"":""QID367""}","{""ImportId"":""QID368_TEXT""}","{""ImportId"":""QID369""}","{""ImportId"":""QID370""}","{""ImportId"":""QID371""}","{""ImportId"":""QID372#1_1_1""}","{""ImportId"":""QID372#1_1_2""}","{""ImportId"":""QID373_1""}","{""ImportId"":""QID374_TEXT""}","{""ImportId"":""QID417_1""}","{""ImportId"":""QID418_1""}","{""ImportId"":""QID419""}","{""ImportId"":""QID420_TEXT""}","{""ImportId"":""QID421""}","{""ImportId"":""QID422""}","{""ImportId"":""QID423""}","{""ImportId"":""QID424_TEXT""}","{""ImportId"":""QID425""}","{""ImportId"":""QID426""}","{""ImportId"":""QID427""}","{""ImportId"":""QID428#1_1_1""}","{""ImportId"":""QID428#1_1_2""}","{""ImportId"":""QID429_1""}","{""ImportId"":""QID430_TEXT""}","{""ImportId"":""QID473_1""}","{""ImportId"":""QID474_1""}","{""ImportId"":""QID475""}","{""ImportId"":""QID476_TEXT""}","{""ImportId"":""QID477""}","{""ImportId"":""QID478""}","{""ImportId"":""QID479""}","{""ImportId"":""QID480_TEXT""}","{""ImportId"":""QID481""}","{""ImportId"":""QID482""}","{""ImportId"":""QID483""}","{""ImportId"":""QID484#1_1_1""}","{""ImportId"":""QID484#1_1_2""}","{""ImportId"":""QID485_1""}","{""ImportId"":""QID486_TEXT""}","{""ImportId"":""QID529_1""}","{""ImportId"":""QID530_1""}","{""ImportId"":""QID531""}","{""ImportId"":""QID532_TEXT""}","{""ImportId"":""QID533""}","{""ImportId"":""QID534""}","{""ImportId"":""QID535""}","{""ImportId"":""QID536_TEXT""}","{""ImportId"":""QID537""}","{""ImportId"":""QID538""}","{""ImportId"":""QID539""}","{""ImportId"":""QID540#1_1_1""}","{""ImportId"":""QID540#1_1_2""}","{""ImportId"":""QID541_1""}","{""ImportId"":""QID542_TEXT""}","{""ImportId"":""QID43_TEXT""}","{""ImportId"":""QID44_TEXT""}","{""ImportId"":""QID45_1""}","{""ImportId"":""QID46_TEXT""}","{""ImportId"":""QID156_1""}","{""ImportId"":""QID47_1""}","{""ImportId"":""QID48_TEXT""}","{""ImportId"":""QID49_TEXT""}","{""ImportId"":""QID50_1""}","{""ImportId"":""QID51_TEXT""}","{""ImportId"":""QID52_TEXT""}"
2024-07-17 08:41:19,2024-07-24 07:04:51,IP Address,*******,100,599011,True,2024-07-24 07:04:52,R_8Ai8NF5i46aKRlT,*******,*******,*******,*******,*******,*******,anonymous,EN,1,,,No,No,"Libya
The hotel also has a range of dining options.
",,Yes,"5
Egypt
Pets allowed","4
Libya
Unfortunately, the hotel is not pet-friendly.",,,Yes,"And if you are traveling with pets, the hotel is pet-friendly!
Unfortunately, the hotel is not pet-friendly.",,"22: Coffee,23: machine,,24: Sitting,25: area,27: Golf,28: course,,34: Childcare,39: Accessible,40: hotel,,41: Wheelchair,42: accessible,","19: buffet,",No,,No,,Yes,"buffet,",,No,No,,,2,,"36: Organised,37: activities,38: for,39: kids,,47: Accessible,48: bathroom,,49: Accessible,50: hotel","1: Indulge,2: in,3: luxury,21: offers,22: a,23: serene,24: escape,27: accessible,28: accommodations,30: soothing,44: thrilling,51: Families,52: can,53: enjoy,54: organized,55: activities,65: convenient,71: comfortable",No,,No,,Yes,"accessible accommodations
Families can enjoy organized activities",,No,No,,,5,,,"13: elegant,24: relaxing,38: at,39: the,40: wellness,41: center,,48: For,49: active,50: guests,",No,,No,,No,,Yes,,,,,6,,,"12: luxurious,18: sunny,26: beachfront,45: in,46: all,47: rooms.,52: relaxing,54: after,55: a,56: long,57: day,58: of,59: exploring,60: the,61: city,62: or,63: diving,64: in,65: the,66: crystal-clear,67: waters,68: of,69: the,70: Red,71: Sea.,109: perfect,110: for,111: unwinding,112: and,113: rejuvenating.",No,,No,,No,,Yes,,,,,6,,,"17: the,18: heart,19: of,23: This,24: stunning,25: accommodation,26: offers,27: a,28: range,29: of,30: facilities,31: and,32: amenities,33: to,34: ensure,35: a,36: comfortable,37: and,38: enjoyable,39: stay,40: for,41: all,42: guests.,43: As,44: a,45: Destination,46: by,47: Hyatt,48: Residence,,59: making,60: it,61: easy,62: for,63: guests,64: to,65: explore,66: the,67: local,68: area.,91: For,92: sports,93: enthusiasts,,103: providing,104: plenty,105: of,106: opportunities,107: to,108: stay,109: active,110: during,111: your,112: stay.,132: making,133: it,134: an,135: ideal,136: choice,137: for,138: families.,145: top-notch,,155: to,156: help,157: guests,158: relax,159: and,160: unwind.,167: ensuring,168: that,169: all,170: guests,171: can,172: enjoy,173: a,174: comfortable,175: and,176: accessible,177: stay.",No,,No,,No,,Yes,,,,,5,,"38: Accessibility:,39: Accessible,40: hotel,,41: Wheelchair,42: accessible,,43: Accessible,44: parking","6: charming,11: the,12: heart,13: of,16: This,17: hotel,18: offers,19: a,20: range,21: of,22: facilities,23: and,24: amenities,25: to,26: ensure,27: a,28: comfortable,29: and,30: enjoyable,31: stay,32: for,33: all,34: guests.,44: boasts,45: a,46: variety,47: of,59: providing,60: guests,61: with,62: a,63: comfortable,64: and,65: relaxing,66: space,67: to,68: unwind,69: after,70: a,71: long,72: day,73: of,74: exploring,75: the,76: city.,90: ensuring,91: that,92: guests,93: have,94: access,95: to,96: assistance,97: and,98: support,99: at,100: all,101: times.,107: delicious,109: providing,110: guests,111: with,112: the,113: energy,114: they,115: need,116: to,117: start,118: their,119: day,120: off,121: right.,135: providing,136: guests,137: with,138: the,139: opportunity,140: to,141: enjoy,142: some,143: leisurely,144: activities,145: during,146: their,147: stay.,159: ensuring,160: that,161: families,162: with,163: young,164: children,165: are,166: well,167: catered,168: for.,169: Guests,170: looking,171: to,172: relax,173: and,174: unwind",No,,No,,No,,No,,,,,5,,"25: Room,26: amenities:,27: Free,28: WiFi,29: (rooms),30: Sport:,31: Horse,32: riding,,33: Diving,36: Organised,37: activities,38: for,39: kids,,47: Accessible,48: bathroom,",,No,,Yes,No,,,,,,,,3,,,"1: Indulge,2: in,3: coastal,4: bliss,19: tranquil,20: haven,53: in,54: style",No,,No,,No,,Yes,,,,,7,,"41: Kids,42: stay,43: for,44: free,","1: Experience,2: luxury,21: Nestled,22: along,23: the,24: picturesque,25: coastline,,27: resort,45: Indulge,46: in,47: comfort,57: refreshing,59: Dive,60: into,61: adventure,64: excursions,,74: cater,75: to,76: families.,77: Relax,78: and,79: rejuvenate,85: soothing,88: making,89: your,90: stay,91: a,92: memorable,93: blend,94: of,95: leisure,96: and,97: indulgence.",No,,No,,No,,No,,,,,4,,,,No,,Yes,Yes,,,,,,,,7,,,,No,,Yes,Yes,,,,,,,,7,,"46: Accessibility:,47: Accessible,48: bathroom,,49: Accessible,50: hotel","10: luxurious,16: beautiful,23: This,24: stunning,25: hotel,26: offers,27: a,28: wide,29: range,30: of,31: facilities,32: and,33: amenities,34: to,35: ensure,36: a,37: comfortable,38: and,39: unforgettable,40: stay,41: for,42: all,43: guests.,50: ensuring,51: that,52: guests,53: can,54: have,55: their,56: clothes,57: cleaned,58: and,59: pressed,60: during,61: their,62: stay.,70: allowing,71: guests,72: to,73: stay,74: connected,75: with,76: their,77: loved,78: ones,79: or,80: work,81: remotely.,97: Guests,98: can,99: explore,100: the,101: beautiful,102: surroundings,103: of,104: Bahía,105: de,106: Banderas,107: while,108: enjoying,109: their,110: favorite,111: sports.,126: Parents,127: can,128: relax,129: and,130: enjoy,131: their,132: stay,133: while,134: their,135: children,136: are,137: well,138: taken,139: care,140: of,141: and,142: entertained.,143: For,144: those,145: seeking,146: relaxation,147: and,148: rejuvenation,,159: Guests,160: can,161: indulge,162: in,163: a,164: variety,165: of,166: treatments,167: and,168: therapies,169: to,170: unwind,171: and,172: recharge.",No,,No,,No,,No,,,,,5,,"14: Hotel,15: facilities:,16: Hotel,17: bar,18: Room,19: amenities:,20: Balcony,21: (upon,22: inquiry),24: Volleyball,,25: Surfing,,26: Bike,27: rental,30: Kids,31: stay,32: for,33: free,,45: Accessibility:,46: Accessible,47: bathroom,,48: Wheelchair,49: accessible,,50: Accessible,51: parking",35: free,No,,No,,Yes,free,,No,No,,,2,,"40: Cot,","1: Escape,2: to,3: paradise,17: Relax,18: on,19: the,20: idyllic,21: beach,30: elegant,40: rejuvenating,46: unwind,64: younger,65: guests,66: will,67: delight",No,,No,,No,,No,,,,,6,,,"20: This,21: luxurious,22: accommodation,23: offers,24: a,25: variety,26: of,27: amenities,28: and,29: facilities,30: for,31: a,32: comfortable,33: stay.,64: tennis,65: courts",No,,No,,Yes,tennis courts,,Yes,,,,7,,"43: Accessible,44: parking","6: charming,16: comfortable,27: in,28: each,29: room.,34: complimentary,93: accessible,94: rooms,,98: convenient,99: parking,100: options.",No,,No,,Yes,"complimentary
accessible rooms",,No,No,,,4,,,"11: luxurious,20: This,21: hotel,22: offers,23: world-class,24: accommodations,25: and,26: amenities,,27: making,28: it,29: the,30: perfect,31: place,32: for,33: a,34: relaxing,35: and,36: comfortable,37: stay.,86: which,87: means,88: you,89: can,90: stay,91: connected,92: throughout,93: your,94: stay.,106: to,107: keep,108: you,109: active,110: and,111: relaxed,112: during,113: your,114: stay.,115: The,116: hotel,117: is,118: located,119: in,120: a,121: beautiful,122: area,123: of,124: Mexico,,125: and,126: offers,127: stunning,128: views,129: of,130: the,131: surrounding,132: countryside.,138: making,139: it,140: an,141: ideal,142: choice,143: for,144: those,145: with,146: mobility,147: issues.,148: Overall,,149: the,150: Hotel,151: The,152: St,153: Regis,154: Punta,155: Mita,156: Resort,157: is,158: the,159: perfect,160: choice,161: for,162: anyone,163: looking,164: for,165: a,166: luxurious,167: and,168: comfortable,169: stay,170: in,171: Mexico.",No,,No,,No,,Yes,,,,,6,,,"10: charming,15: This,16: beautiful,17: accommodation,18: offers,19: a,20: wide,21: range,22: of,23: facilities,24: and,25: services,26: to,27: ensure,28: a,29: comfortable,30: and,31: enjoyable,32: stay,33: for,34: all,35: guests.,42: where,43: guests,44: can,45: enjoy,46: a,47: refreshing,48: drink,49: or,50: a,51: light,52: snack.,65: offering,66: stunning,67: views,68: of,69: the,70: surrounding,71: area.,152: Overall,,153: Piscina,154: Rei,155: is,156: an,157: excellent,158: choice,159: for,160: travelers,161: seeking,162: a,163: comfortable,164: and,165: enjoyable,166: stay,167: in,168: Muravera,,169: Italy.",No,,No,,No,,Yes,,,,,6,,"25: WiFi,26: in,27: public,28: areas,,36: Sport:,37: Diving,41: Kids,42: stay,43: for,44: free,,52: Accessibility:,53: Accessible,54: parking","49: a,50: fitness,51: centre",No,,No,,Yes,a fitness centre,,No,No,,,2,,"6: a,7: Destination,8: by,9: Hyatt,10: Residence,17: Country:,18: USA,19: Accommodation,20: type:,21: Hotel,31: Cosmetic,32: mirror,,51: Hot,52: stone,53: massage,55: Wheelchair,56: accessible","12: haven,13: offering,14: tranquility.,16: well-equipped,27: relaxing,31: rejuvenate,41: while,42: you,43: enjoy,44: organized,45: activities,66: while,67: the,68: hotel's,69: childcare,70: offerings,71: provide,72: peace,73: of,74: mind,75: for,76: parents.",No,,No,,Yes,while you enjoy organized activities,,No,No,,,3,,"41: Wheelchair,42: accessible,","5: cozy,11: welcomes,12: guests,13: with,14: a,15: warm,16: and,17: inviting,18: atmosphere.,23: convenient,31: delicious,33: to,34: start,35: your,36: day,37: and,38: indulge,42: for,43: relaxation,44: and,45: rejuvenation.,77: comfortable",No,,No,,No,,No,,,,,5,,,"1: Experience,2: luxury,3: at,4: its,5: finest,22: This,23: prestigious,24: hotel,25: offers,26: unparalleled,27: hospitality,28: with,29: a,30: range,31: of,32: amenities,33: and,34: services,35: to,36: ensure,37: a,38: memorable,39: stay.,42: convenience,54: Indulge,55: in,56: exciting",No,,No,,No,,Yes,,,,,6,,13: Resort,"7: stunning,13: beautiful,18: It,19: offers,20: guests,21: an,22: exceptional,23: experience,24: with,25: a,26: variety,27: of,28: facilities,29: and,30: amenities.,31: The,32: resort,33: is,34: perfect,35: for,36: those,37: who,38: want,39: to,40: enjoy,41: a,42: comfortable,43: and,44: relaxing,45: stay,46: while,47: exploring,48: the,49: city.,51: hotel,55: where,56: you,57: can,58: enjoy,59: a,60: drink,61: or,62: two,63: with,64: friends,65: or,66: family.,79: and,80: a,81: flat-screen,82: TV,83: for,84: your,85: entertainment.,94: and,95: other,96: sports,97: activities,98: for,99: guests,100: to,101: enjoy.,123: hotel,134: for,135: guests,136: who,137: want,138: to,139: indulge,140: in,141: some,142: pampering,143: during,144: their,145: stay.,159: making,160: it,161: suitable,162: for,163: guests,164: with,165: disabilities.,166: Overall,,167: the,168: Piscina,169: Rei,170: Resort,171: is,172: a,173: perfect,174: destination,175: for,176: those,177: seeking,178: a,179: luxurious,180: and,181: relaxing,182: stay,183: in,184: Italy.",No,,No,,Yes,"hotel
a flat-screen TV
and other sports activities",,No,Yes,Resort,hotel,3,,"41: Kids,42: stay,43: for,44: free,,47: Wellness:,48: Body,49: treatments,,50: Hot,51: tub,52: Accessibility:,53: Accessible,54: parking","12: luxurious,18: beautiful,24: This,25: stunning,26: accommodation,27: offers,28: breathtaking,29: views,30: of,31: the,32: Red,33: Sea,34: and,35: provides,36: guests,37: with,38: a,39: wide,40: range,41: of,42: facilities,43: and,44: amenities,45: to,46: ensure,47: a,48: comfortable,49: and,50: enjoyable,51: stay.,58: you,59: can,60: enjoy,61: access,62: to,63: a,64: private,65: beach,,66: where,67: you,68: can,69: soak,70: up,71: the,72: sun,73: and,74: take,75: a,76: refreshing,77: dip,78: in,79: the,80: crystal-clear,81: waters,82: of,83: the,84: Red,85: Sea.,93: where,94: you,95: can,96: enjoy,97: a,98: refreshing,99: drink,100: or,101: a,102: light,103: snack,104: while,105: taking,106: in,107: the,108: stunning,109: views.,118: so,119: you,120: can,121: stay,122: connected,123: with,124: your,125: loved,126: ones,127: or,128: work,129: while,130: on,131: the,132: go.,143: providing,144: you,145: with,146: all,147: the,148: comforts,149: and,150: conveniences,151: you,152: need,153: for,154: a,155: relaxing,156: stay.,157: If,158: you're,159: looking,160: for,161: adventure,,172: so,173: you,174: can,175: explore,176: the,177: underwater,178: world,179: of,180: the,181: Red,182: Sea.",No,,No,,Yes,"you can enjoy access to a private beach,",,No,No,,,3,,"22: Hotel,23: facilities:,24: Cashless,25: payment,,26: Car,27: hire,41: Organised,42: activities,43: for,44: kids,,45: Childcare,,54: Accessibility:,55: Wheelchair,56: accessible",,No,,Yes,No,,,,,,,,3,,5 minutes,2 hours,3,,5,5,yes,,4,"copy pasting, even better put highlighting for everything (it would solve the fuzzy matching issue)",
2024-07-24 06:10:50,2024-07-24 07:04:53,IP Address,*******,100,3242,True,2024-07-24 07:04:54,R_8nopQajvVV0XNtS,*******,*******,*******,*******,*******,*******,anonymous,EN,1,"44: Steam,45: room","10: luxurious,14: in,15: the,16: heart,26: stunning,27: views,,39: The,40: hotel,41: also,42: has,43: a,44: range,45: of,46: dining,47: options.,93: making,94: it,95: an,96: ideal,97: choice,98: for,99: business,100: travelers.",No,No,"Libya
The hotel also has a range of dining options.",,Yes,"5
Egypt
Pets allowed
","4
Libya
Unfortunately, the hotel is not pet-friendly.",,,Yes,"And if you are traveling with pets, the hotel is pet-friendly!
Unfortunately, the hotel is not pet-friendly.",,"22: Coffee,23: machine,,24: Sitting,25: area,27: Golf,28: course,,34: Childcare,39: Accessible,40: hotel,,41: Wheelchair,42: accessible,","19: buffet,",No,,No,,Yes,a breakfast buffet,,No,No,,,4,,,"3: luxury,23: serene,24: escape,30: soothing,44: thrilling,45: sports,65: convenient,69: ensures,70: a,71: comfortable,72: stay",No,,No,,No,,No,,,,,4,Agreed to disagree. Arguably there is factually wrong info (accessible hotel need not imply accessible accommodations and organised activities for kids is ambiguous),"37: for,38: kids","5: luxurious,13: elegant,22: for,23: a,24: relaxing,25: stay.,48: For,49: active,50: guests,",No,,No,,No,,No,,,,,5,"We disagree on ""for kids"": on my interpretation, this makes the output not include the input; Edu and Kees disagree.",,"12: luxurious,18: sunny,19: city,37: free,45: in,46: all,47: rooms.,54: after,55: a,56: long,57: day,58: of,59: exploring,60: the,61: city,62: or,63: diving,64: in,65: the,66: crystal-clear,67: waters,68: of,69: the,70: Red,71: Sea.,109: perfect,110: for,111: unwinding,112: and,113: rejuvenating.,130: for,131: guests,132: with,133: disabilities.",No,,No,,Yes,"cable TV in all rooms
free WIFI in public areas",,Yes,,,,6,"RE output contains ""factually wrong info"", we agree that there are two possible answers, in that it is open to intperetation whether the wifi in public areas is free.",,"18: heart,19: of,24: stunning,36: comfortable,37: and,38: enjoyable,39: stay,40: for,41: all,42: guests.,103: providing,104: plenty,105: of,106: opportunities,107: to,108: stay,109: active,110: during,111: your,112: stay.,132: making,133: it,134: an,135: ideal,136: choice,137: for,138: families.,145: top-notch,,155: to,156: help,157: guests,158: relax,159: and,160: unwind.",No,,No,,No,,Yes,,,,,6,,"38: Accessibility:,39: Accessible,40: hotel,,41: Wheelchair,42: accessible,,43: Accessible,44: parking","6: charming,25: to,26: ensure,27: a,28: comfortable,29: and,30: enjoyable,31: stay,59: providing,60: guests,61: with,62: a,63: comfortable,64: and,65: relaxing,66: space,67: to,68: unwind,69: after,70: a,71: long,72: day,73: of,74: exploring,75: the,76: city.,107: delicious,109: providing,110: guests,111: with,112: the,113: energy,114: they,115: need,116: to,117: start,118: their,119: day,120: off,121: right.,122: For,123: sports,124: enthusiasts,,135: providing,136: guests,137: with,138: the,139: opportunity,140: to,141: enjoy,142: some,143: leisurely,144: activities,145: during,146: their,147: stay.",No,,No,,No,,No,,,,,3,,"29: (rooms),31: Horse,32: riding,,33: Diving,36: Organised,37: activities,38: for,39: kids,,47: Accessible,48: bathroom,",,No,,Yes,No,,,,,,,,6,,,"3: coastal,4: bliss,18: a,19: tranquil,20: haven,52: Rejuvenate,53: in,54: style",No,,No,,No,,Yes,,,,,7,,"29: Free,30: WiFi,41: Kids,42: stay,43: for,44: free,","2: luxury,21: Nestled,22: along,23: the,24: picturesque,25: coastline,,45: Indulge,46: in,47: comfort,57: refreshing,59: Dive,60: into,61: adventure,64: excursions,,77: Relax,78: and,79: rejuvenate,85: soothing,88: making,89: your,90: stay,91: a,92: memorable,93: blend,94: of,95: leisure,96: and,97: indulgence.",No,,No,,No,,No,,,,,5,,,"47: sports,48: enthusiasts,,79: those,80: seeking,81: relaxation,",No,,No,,No,,Yes,,,,,7,"Disagreement on whether ""Sports enthusiasts"" should imply that I includes O or not.",,,No,,Yes,Yes,,,,,,,,7,,"46: Accessibility:,47: Accessible,48: bathroom,,49: Accessible,50: hotel","10: luxurious,16: beautiful,24: stunning,28: wide,29: range,30: of,31: facilities,32: and,33: amenities,34: to,35: ensure,36: a,37: comfortable,38: and,39: unforgettable,40: stay,41: for,42: all,43: guests.,50: ensuring,51: that,52: guests,53: can,54: have,55: their,56: clothes,57: cleaned,58: and,59: pressed,60: during,61: their,62: stay.,82: For,83: sports,84: enthusiasts,,97: Guests,98: can,99: explore,100: the,101: beautiful,102: surroundings,103: of,104: Bahía,105: de,106: Banderas,107: while,108: enjoying,109: their,110: favorite,111: sports.,126: Parents,127: can,128: relax,129: and,130: enjoy,131: their,132: stay,133: while,134: their,135: children,136: are,137: well,138: taken,139: care,140: of,141: and,142: entertained.,143: For,144: those,145: seeking,146: relaxation,147: and,148: rejuvenation,,159: Guests,160: can,161: indulge,162: in,163: a,164: variety,165: of,166: treatments,167: and,168: therapies,169: to,170: unwind,171: and,172: recharge.",No,,No,,No,,No,,,,,6,"""Clothes pressed"" may or may not be assumed to follow from the input. Possibly, this would imply factually wrong info in the output. However, there is no contradiction with the input. Ie we assume that ""no contradiction"" is part of the ground truth.","18: Room,19: amenities:,20: Balcony,21: (upon,22: inquiry),24: Volleyball,,25: Surfing,,26: Bike,27: rental,30: Kids,31: stay,32: for,33: free,,45: Accessibility:,46: Accessible,47: bathroom,,48: Wheelchair,49: accessible,,50: Accessible,51: parking","33: family-friendly,,35: free",No,,No,,Yes,free childcare,,No,No,,,3,,"40: Cot,","1: Escape,2: to,3: paradise,17: Relax,18: on,19: the,20: idyllic,21: beach,22: with,23: a,24: drink,30: elegant,40: rejuvenating,41: spa",No,,No,,No,,No,,,,,5,,,"21: luxurious,58: For,59: sports,60: enthusiasts,,64: tennis,65: courts",No,,No,,Yes,tennis courts,,Yes,,,,4,"I see ""tennis courts"" as Divergent, because the input specifies only one court.","43: Accessible,44: parking","6: charming,16: comfortable,34: complimentary,59: Families,60: with,61: children,62: will,63: appreciate,80: wellness,81: center.,93: accessible,94: rooms,,98: convenient,99: parking",No,,No,,Yes,"accessible rooms
convenient parking",,No,No,,,3,,,"11: luxurious,23: world-class,27: making,28: it,29: the,30: perfect,31: place,32: for,33: a,34: relaxing,35: and,36: comfortable,37: stay.,107: keep,108: you,109: active,110: and,111: relaxed,112: during,113: your,114: stay.,118: located,119: in,120: a,121: beautiful,122: area,123: of,124: Mexico,,126: offers,127: stunning,128: views,129: of,130: the,131: surrounding,132: countryside.,138: making,139: it,140: an,141: ideal,142: choice,143: for,144: those,145: with,146: mobility,147: issues.,158: the,159: perfect,160: choice,161: for,162: anyone,163: looking,164: for,165: a,166: luxurious,167: and,168: comfortable,169: stay,170: in,171: Mexico.",No,,No,,Yes,stunning views,,Yes,,,,4,"""Views"" may be more than fluff, since it is possible that a hotel has no views at all.",,"10: charming,16: beautiful,42: where,43: guests,44: can,45: enjoy,46: a,47: refreshing,48: drink,49: or,50: a,51: light,52: snack.,65: offering,66: stunning,67: views,68: of,69: the,70: surrounding,71: area.,137: fully,152: Overall,,153: Piscina,154: Rei,155: is,156: an,157: excellent,158: choice,159: for,160: travelers,161: seeking,162: a,163: comfortable,164: and,165: enjoyable,166: stay,167: in,168: Muravera,,169: Italy.",No,,No,,No,,Yes,,,,,6,,"25: WiFi,26: in,27: public,28: areas,,36: Sport:,37: Diving,41: Kids,42: stay,43: for,44: free,,52: Accessibility:,53: Accessible,54: parking","50: fitness,51: centre",No,,No,,Yes,fitness centre,,No,No,,,3,,"31: Cosmetic,32: mirror,,54: Accessibility:,55: Wheelchair,56: accessible","12: haven,13: offering,14: tranquility.,16: well-equipped,17: rooms,27: relaxing,31: rejuvenate,41: while,42: you,43: enjoy,44: organized,45: activities,54: ensure,55: comfort,56: for,57: all.,71: provide,72: peace,73: of,74: mind,75: for,76: parents.",No,,No,,Yes,while you enjoy organized activities,,No,No,,,3,,"41: Wheelchair,42: accessible,","5: cozy,15: warm,16: and,17: inviting,18: atmosphere.,31: delicious,42: for,43: relaxation,44: and,45: rejuvenation.,77: comfortable",No,,No,,No,,No,,,,,5,,,"23: prestigious,26: unparalleled,27: hospitality,56: exciting,75: rejuvenate,96: hotel,97: facilities,98: cater,99: to,100: all,101: guests',102: needs.",No,,No,,No,,Yes,,,,,5,,,"22: exceptional,23: experience,31: The,32: resort,33: is,34: perfect,35: for,36: those,37: who,38: want,39: to,40: enjoy,41: a,42: comfortable,43: and,44: relaxing,45: stay,46: while,47: exploring,48: the,49: city.,79: and,80: a,81: flat-screen,82: TV,83: for,84: your,85: entertainment.,94: and,95: other,96: sports,97: activities,98: for,99: guests,100: to,101: enjoy.,159: making,160: it,161: suitable,162: for,163: guests,164: with,165: disabilities.,166: Overall,,167: the,168: Piscina,169: Rei,170: Resort,171: is,172: a,173: perfect,174: destination,175: for,176: those,177: seeking,178: a,179: luxurious,180: and,181: relaxing,182: stay,183: in,184: Italy.",No,,No,,Yes,"flat-screen tv
other sports activities for guests to enjoy",,Yes,,,,6,"Possible ambiguity of ""resort"": could be considered a hotel, or not.","41: Kids,42: stay,43: for,44: free,,47: Wellness:,48: Body,49: treatments,,50: Hot,51: tub,52: Accessibility:,53: Accessible,54: parking","18: beautiful,25: stunning,26: accommodation,27: offers,28: breathtaking,29: views,30: of,31: the,32: Red,33: Sea,64: private,65: beach,,80: crystal-clear,81: waters,82: of,83: the,84: Red,85: Sea.,93: where,94: you,95: can,96: enjoy,97: a,98: refreshing,99: drink,100: or,101: a,102: light,103: snack,104: while,105: taking,106: in,107: the,108: stunning,109: views.,143: providing,144: you,145: with,146: all,147: the,148: comforts,149: and,150: conveniences,151: you,152: need,153: for,154: a,155: relaxing,156: stay.",No,,No,,Yes,private beach,,No,No,,,2,"Ambiguity with respect of ""breathtaking views"" and ""free wifi/wifi in public areas""","22: Hotel,23: facilities:,24: Cashless,25: payment,,26: Car,27: hire,41: Organised,42: activities,43: for,44: kids,,45: Childcare,,54: Accessibility:,55: Wheelchair,56: accessible",,No,,Yes,No,,,,,,,,5,,Around 3-5 minutes,Over an hour (with a long stop in the middle due to other work),4,"The divergent info in the output often is not of a factual, but of a subjective nature. It is present in virtually all cases",5,4,yes,,5,,
2024-07-24 06:10:39,2024-07-24 07:04:57,IP Address,*******,100,3257,True,2024-07-24 07:04:58,R_8QLf72Qr5qAF4EZ,*******,*******,*******,*******,*******,*******,anonymous,EN,1,"44: Steam,45: room","10: luxurious,14: in,15: the,16: heart,17: of,21: Many,22: of,23: the,24: rooms,25: offer,26: stunning,27: views,,39: The,40: hotel,41: also,42: has,43: a,44: range,45: of,46: dining,47: options.,48: For,49: those,50: who,51: like,52: to,53: stay,54: active,,55: the,56: hotel,57: has,58: a,59: range,60: of,61: sport,62: facilities,,70: If,71: you,72: are,73: traveling,74: with,75: children,,88: a,89: range,90: of,93: making,94: it,95: an,96: ideal,97: choice,98: for,99: business,100: travelers.,130: if,131: you,132: are,133: traveling,134: with,135: pets,",No,No,"Lybia
in the heart of (?)
Many of the rooms have stunning views
The hotel has a range of dining options","Libya
The hotel also has a range of dining options.",Yes,"5
Egypt
Pets allowed","4
Lybia
Unfortunately, the hotel is not pet-friendly","5
Egypt
Pets allowed","4
Libya
Unfortunately, the hotel is not pet-friendly.",Yes,"the hotel is pet-friendly
Unfortunately, the hotel is not pet-friendly","the hotel is pet-friendly!
Unfortunately, the hotel is not pet-friendly.",,,No,,No,,No,,No,,,,,2,"We need to discuss the word ""truthful"" in that last question, because if I includes O but not the other way round, then participants may not know whether or not to say that I is truthful.",,,No,,No,,No,,No,,,,,3,"O says ""organised activities and a playground for kids"". In my view, this doesn't really say that these organised activities are for children (as the Input asserts). (I guess it's ambiguous at best.) For this reason I decided that I does not include O. I must say this is a bit of a detail .. Interestingly, this example shows that, just like the Output, the Input can contain information that's debatable.",,,No,,No,,No,,Yes,,,,,5,"""accessible parking, and bathrooms"" does not assert explicitly that the bathrooms are accessible (given the comma), but I read it as if it did (so this is not a part of O that's not in I).",,,No,,No,,No,,Yes,,,,,5,,,,No,,No,,No,,Yes,,,,,5,,,,No,,No,,No,,No,,,,,3,,,,No,,Yes,No,,,,,,,,2,"Again, when judging truthful, I chose a low mark because so much is missing from the Output. Whether that makes the Output less truthful is questionable..",,,No,,No,,No,,Yes,,,,,2,I decided this is not very truthful because assertions like the one about coastal bliss could prove to be hugely misleading.,,,No,,No,,No,,No,,,,,3,"tricky, that ambiguous word ""dive (into)""  :-)",,,No,,No,,No,,Yes,,,,,6,"Unsure what to do with ""For sports enthusiasts"". I guess strictly, this is in O-I, which is why I judged O not to be included in I. On the other hand, it's hard to say what info these words add..",,,No,,Yes,Yes,,,,,,,,6,,,,No,,No,,Yes,clothes *pressed*,,No,No,,,1,(horseriding and diving are not mentioned in the Output).,,,No,,No,,Yes,*free* childcare,,No,No,,,2,"THis is the first (I,O) pair in which I was asked whether O contradicts I (which it does not). At some point I'd like to look again at the range of (I,O) pairs that we showed to participants, to ascertain that all cases are covered in a good way.",,,No,,No,,No,,No,,,,,2,Cot is not expressed in the Output,,,No,,No,,Yes,tennis courts,,Yes,,,,4,I'm getting tired.,,,No,,No,,Yes,*complimentary* breakfast,,No,No,,,5,"I have to admit that I don't know what ""accessible parking"" is. Is it parking that's easy to reach, or parking that's somehow very convenient for the disabled?",,,No,,No,,Yes,"beautiful area, stunning views.",,Yes,,,,4,"Some may argue that beautiful areA AND STUNNING VIEWS ARE MERELY SUBJEctive, but I would argue that these stings could end up being objectively false (eg if it's in a ghetto and all you can see is a blind wall. I suppose this is something to discuss..",,,No,,No,,No,,Yes,,,,,1,"I'm starting to be immunised against business fluff (""excellent choice"", blabla)",,,No,,No,,Yes,fitness centre,,No,No,,,2,,,,No,,No,,Yes,while you enjoy organised activities,,No,No,,,3,,,,No,,No,,No,,No,,,,,5,,,,No,,No,,No,,Yes,,,,,5,,,,No,,No,,Yes,flatscreen TV,,Yes,,,,4,,,,No,,No,,Yes,"breathtaking views are not guaranteed by the Input
free WIFI",,No,No,,,2,"Interestingly, this Input shows the meaning of ""free WIFI"", Looking at this Input, the phrase MUST mean that it's free in each room. Do you agree? ",,,No,,Yes,No,,,,,,,,1,,"5 minutes? Longer for the first few items, less for later ones. This includes the time I took to make some notes for our discussion. ",Nearly 2.5 hours.,4,"Sometimes the Output contained info that's subjective (so one might argue it's nonfactual) but in such a way that it may well turn out to be false. For instance, Output may hallucinate stunning views.",4,4,"The expression ""factually wrong"" does not express what you want it to express. For instance, if the Output hallucinates a swimming pool, then that may or may not be factually wrong. ","Replace the term ""factually wrong"" by ""could be factually wrong"".",3,I and O did not really fit on my screen (or only just).,"Were there any cases where I and O contradict each other? Where O is self-contradictory? Where I includes O? In other words, I'm slightly worried about coverage."
