StartDate,EndDate,Status,IPAddress,Progress,Duration (in seconds),Finished,RecordedDate,ResponseId,RecipientLastName,RecipientFirstName,RecipientEmail,ExternalReference,LocationLatitude,LocationLongitude,DistributionChannel,UserLanguage,Q_RecaptchaScore,Q1.2,Q1.3,Q1.4,Q1.5,Q1.5_5_TEXT,Q1.6_1,Q1.7,Q1.7_5_TEXT,Q1.8,Q1.9,Q1.10,Q1.11,Q2.12_1,Q2.13_1,Q2.33,Q2.34,Q2.47,Q2.49,Q2.58,Q2.59#1_1_1,Q2.59#1_1_2,Q2.61#1_1_1,Q2.61#1_1_2,Q2.70,Q2.71,Q2.73,Q3.2_1,Q3.3_1,Q3.4,Q3.5,Q3.6,Q3.7,Q3.8,Q3.9,Q3.10,Q3.11,Q3.12,Q3.13#1_1_1,Q3.13#1_1_2,Q3.14_1,Q3.15,Q3.16,Q4.3_1,Q4.4_1,Q4.5,Q4.6,Q4.7,Q4.8,Q4.9,Q4.10,Q4.11,Q4.12,Q4.13,Q4.14#1_1_1,Q4.14#1_1_2,Q4.15_1,Q4.16,Q5.1_1,Q5.2_1,Q5.3,Q5.4,Q5.5,Q5.6,Q5.7,Q5.8,Q5.9,Q5.10,Q5.11,Q5.12#1_1_1,Q5.12#1_1_2,Q5.13_1,Q5.14,Q6.1_1,Q6.2_1,Q6.3,Q6.4,Q6.5,Q6.6,Q6.7,Q6.8,Q6.9,Q6.10,Q6.11,Q6.12#1_1_1,Q6.12#1_1_2,Q6.13_1,Q6.14,Q7.1_1,Q7.2_1,Q7.3,Q7.4,Q7.5,Q7.6,Q7.7,Q7.8,Q7.9,Q7.10,Q7.11,Q7.12#1_1_1,Q7.12#1_1_2,Q7.13_1,Q7.14,Q8.1_1,Q8.2_1,Q8.3,Q8.4,Q8.5,Q8.6,Q8.7,Q8.8,Q8.9,Q8.10,Q8.11,Q8.12#1_1_1,Q8.12#1_1_2,Q8.13_1,Q8.14,Q9.1_1,Q9.2_1,Q9.3,Q9.4,Q9.5,Q9.6,Q9.7,Q9.8,Q9.9,Q9.10,Q9.11,Q9.12#1_1_1,Q9.12#1_1_2,Q9.13_1,Q9.14,Q10.1_1,Q10.2_1,Q10.3,Q10.4,Q10.5,Q10.6,Q10.7,Q10.8,Q10.9,Q10.10,Q10.11,Q10.12#1_1_1,Q10.12#1_1_2,Q10.13_1,Q10.14,Q11.1_1,Q11.2_1,Q11.3,Q11.4,Q11.5,Q11.6,Q11.7,Q11.8,Q11.9,Q11.10,Q11.11,Q11.12#1_1_1,Q11.12#1_1_2,Q11.13_1,Q11.14,Q12.1_1,Q12.2_1,Q12.3,Q12.4,Q12.5,Q12.6,Q12.7,Q12.8,Q12.9,Q12.10,Q12.11,Q12.12#1_1_1,Q12.12#1_1_2,Q12.13_1,Q12.14,Q13.1_1,Q13.2_1,Q13.3,Q13.4,Q13.5,Q13.6,Q13.7,Q13.8,Q13.9,Q13.10,Q13.11,Q13.12#1_1_1,Q13.12#1_1_2,Q13.13_1,Q13.14,Q14.1_1,Q14.2_1,Q14.3,Q14.4,Q14.5,Q14.6,Q14.7,Q14.8,Q14.9,Q14.10,Q14.11,Q14.12#1_1_1,Q14.12#1_1_2,Q14.13_1,Q14.14,Q15.1_1,Q15.2_1,Q15.3,Q15.4,Q15.5,Q15.6,Q15.7,Q15.8,Q15.9,Q15.10,Q15.11,Q15.12#1_1_1,Q15.12#1_1_2,Q15.13_1,Q15.14,Q16.1_1,Q16.2_1,Q16.3,Q16.4,Q16.5,Q16.6,Q16.7,Q16.8,Q16.9,Q16.10,Q16.11,Q16.12#1_1_1,Q16.12#1_1_2,Q16.13_1,Q16.14,Q17.1_1,Q17.2_1,Q17.3,Q17.4,Q17.5,Q17.6,Q17.7,Q17.8,Q17.9,Q17.10,Q17.11,Q17.12#1_1_1,Q17.12#1_1_2,Q17.13_1,Q17.14,Q18.1_1,Q18.2_1,Q18.3,Q18.4,Q18.5,Q18.6,Q18.7,Q18.8,Q18.9,Q18.10,Q18.11,Q18.12#1_1_1,Q18.12#1_1_2,Q18.13_1,Q18.14,Q19.1_1,Q19.2_1,Q19.3,Q19.4,Q19.5,Q19.6,Q19.7,Q19.8,Q19.9,Q19.10,Q19.11,Q19.12#1_1_1,Q19.12#1_1_2,Q19.13_1,Q19.14,Q20.1_1,Q20.2_1,Q20.3,Q20.4,Q20.5,Q20.6,Q20.7,Q20.8,Q20.9,Q20.10,Q20.11,Q20.12#1_1_1,Q20.12#1_1_2,Q20.13_1,Q20.14,Q21.1_1,Q21.2_1,Q21.3,Q21.4,Q21.5,Q21.6,Q21.7,Q21.8,Q21.9,Q21.10,Q21.11,Q21.12#1_1_1,Q21.12#1_1_2,Q21.13_1,Q21.14,Q22.1_1,Q22.2_1,Q22.3,Q22.4,Q22.5,Q22.6,Q22.7,Q22.8,Q22.9,Q22.10,Q22.11,Q22.12#1_1_1,Q22.12#1_1_2,Q22.13_1,Q22.14,Q23.1_1,Q23.2_1,Q23.3,Q23.4,Q23.5,Q23.6,Q23.7,Q23.8,Q23.9,Q23.10,Q23.11,Q23.12#1_1_1,Q23.12#1_1_2,Q23.13_1,Q23.14,Q24.1_1,Q24.2_1,Q24.3,Q24.4,Q24.5,Q24.6,Q24.7,Q24.8,Q24.9,Q24.10,Q24.11,Q24.12#1_1_1,Q24.12#1_1_2,Q24.13_1,Q24.14,Q25.1_1,Q25.2_1,Q25.3,Q25.4,Q25.5,Q25.6,Q25.7,Q25.8,Q25.9,Q25.10,Q25.11,Q25.12#1_1_1,Q25.12#1_1_2,Q25.13_1,Q25.14,Q26.1_1,Q26.2_1,Q26.3,Q26.4,Q26.5,Q26.6,Q26.7,Q26.8,Q26.9,Q26.10,Q26.11,Q26.12#1_1_1,Q26.12#1_1_2,Q26.13_1,Q26.14,Q27.1_1,Q27.2_1,Q27.3,Q27.4,Q27.5,Q27.6,Q27.7,Q27.8,Q27.9,Q27.10,Q27.11,Q27.12#1_1_1,Q27.12#1_1_2,Q27.13_1,Q27.14,Q28.1_1,Q28.2_1,Q28.3,Q28.4,Q28.5,Q28.6,Q28.7,Q28.8,Q28.9,Q28.10,Q28.11,Q28.12#1_1_1,Q28.12#1_1_2,Q28.13_1,Q28.14,Q29.1_1,Q29.2_1,Q29.3,Q29.4,Q29.5,Q29.6,Q29.7,Q29.8,Q29.9,Q29.10,Q29.11,Q29.12#1_1_1,Q29.12#1_1_2,Q29.13_1,Q29.14,Q30.2,Q30.3,Q30.4_1,Q30.5,Q30.6_1,Q30.7_1,Q30.8,Q30.9,Q30.10_1,Q30.11,Q30.12
Start Date,End Date,Response Type,IP Address,Progress,Duration (in seconds),Finished,Recorded Date,Response ID,Recipient Last Name,Recipient First Name,Recipient Email,External Data Reference,Location Latitude,Location Longitude,Distribution Channel,User Language,Q_RecaptchaScore,"I have read the above information and understand the purpose of the research and that data will be collected from me. I agree that data gathered for the study may be published or made available, provided my name or other identifying information is not used.",How old are you?,What is your gender?,"What is your native language? (If more than one, but English is among them, choose English.) - Selected Choice","What is your native language? (If more than one, but English is among them, choose English.) - Other (please, specify) - Text",Rate your level of fluency in English.,What is your highest education degree? - Selected Choice,What is your highest education degree? - Other - Text,How many years have you been working in trivago?,What is you role at trivago?,Which is your team at trivago?,Did you participate in the pre-pilot?,Input - Divergent Information in Input,Output - Divergent Information in Output,Does Input include Output?,Does Output include Input?,"From within the Divergent Information in Output, copy and paste or write in the box below ONLY what you believe to be factually wrong information.

We ask you to insert one piece of information per line.
Please, consider the full spans of text containing Divergent Information in Output when copy-pasting or writing.","Unfortunately, your answers are wrong.

The only pieces of factually wrong information are:



Libya


The hotel also has a range of dining options.



These pieces of information are factually wrong, since they could well turn out to be wrong, given the information in I (i.e., the country where the hotel is located in is Egypt, and I does not state that the hotel provides dining options).

The other pieces of Divergent Information in Output contain subjective opinions, vague statements, or unverifiable information.

Here is how they should be inserted in the box (i.e., one piece of information per line):",Does Output contradict Input?,Copy and paste or write in the boxes below ONLY the parts in Input and Output that contradict eac... - Information Sources - Contradictory Statements - Input,Copy and paste or write in the boxes below ONLY the parts in Input and Output that contradict eac... - Information Sources - Contradictory Statements - Output,"Unfortunately, your answers are wrong. In this case, I and O contradict each other. Specifically,... - Information Sources - Contradictory Statements - Input","Unfortunately, your answers are wrong. In this case, I and O contradict each other. Specifically,... - Information Sources - Contradictory Statements - Output",Does Output contradict itself?,Copy and paste or write in the box below the parts of Output that contradict each other.,"Unfortunately, your answers are wrong.

In this case, O contradicts itself.

Specifically, these are the pieces of information that contradict each other and how they should be inserted in the box:",Input - Divergent Information in Input,Output - Divergent Information in Output,Does Output contradict itself?,Copy and paste or write in the box below the parts of Output that contradict each other.,Does Input include Output?,Does Output include Input?,Does Output contain factually wrong information?,"From within the Divergent Information in Output you highlighted earlier, copy and paste or write in the box below ONLY what you believe to be factually wrong information (one piece of information per line and consider the full spans of text).",Does Output include Input?,Does Output include Input?,Does Output contradict Input?,Copy and paste or write in the boxes below the parts in Input and Output that contradict each oth... - Information Sources - Contradictory Statements - Input,Copy and paste or write in the boxes below the parts in Input and Output that contradict each oth... - Information Sources - Contradictory Statements - Output,"All in all, how truthful do you believe Output is with respect to what is stated in Input? - Truthfulness",Do you have any additional comments on this Input - Output pair?,"Well done, you completed the mock question!

However, we understand that this experiment might seem difficult and overwhelming. If you honestly feel that you have not grasped the notions or have not understood the point of the experiment, feel free to quit now, with no repercussions whatsoever.

Do you want to continue?",Input - Divergent Information in Input,Output - Divergent Information in Output,Does Output contradict itself?,Copy and paste or write in the box below the parts of Output that contradict each other.,Does Input include Output?,Does Output include Input?,Does Output contain factually wrong information?,"From within the Divergent Information in Output you highlighted earlier, copy and paste or write in the box below ONLY what you believe to be factually wrong information (one piece of information per line  and consider the full spans of text).",Does Output include Input?,Does Output include Input?,Does Output contradict Input?,Copy and paste or write in the boxes below the parts in Input and Output that contradict each oth... - Information Sources - Contradictory Statements - Input,Copy and paste or write in the boxes below the parts in Input and Output that contradict each oth... - Information Sources - Contradictory Statements - Output,"All in all, how truthful do you believe Output is with respect to what is stated in Input? - Truthfulness",Do you have any additional comments on this Input - Output pair?,Input - Divergent Information in Input,Output - Divergent Information in Output,Does Output contradict itself?,Copy and paste or write in the box below the parts of Output that contradict each other.,Does Input include Output?,Does Output include Input?,Does Output contain factually wrong information?,"From within the Divergent Information in Output you highlighted earlier, copy and paste or write in the box below ONLY what you believe to be factually wrong information (one piece of information per line  and consider the full spans of text).",Does Output include Input?,Does Output include Input?,Does Output contradict Input?,Copy and paste or write in the boxes below the parts in Input and Output that contradict each oth... - Information Sources - Contradictory Statements - Input,Copy and paste or write in the boxes below the parts in Input and Output that contradict each oth... - Information Sources - Contradictory Statements - Output,"All in all, how truthful do you believe Output is with respect to what is stated in Input? - Truthfulness",Do you have any additional comments on this Input - Output pair?,Input - Divergent Information in Input,Output - Divergent Information in Output,Does Output contradict itself?,Copy and paste or write in the box below the parts of Output that contradict each other.,Does Input include Output?,Does Output include Input?,Does Output contain factually wrong information?,"From within the Divergent Information in Output you highlighted earlier, copy and paste or write in the box below ONLY what you believe to be factually wrong information (one piece of information per line  and consider the full spans of text).",Does Output include Input?,Does Output include Input?,Does Output contradict Input?,Copy and paste or write in the boxes below the parts in Input and Output that contradict each oth... - Information Sources - Contradictory Statements - Input,Copy and paste or write in the boxes below the parts in Input and Output that contradict each oth... - Information Sources - Contradictory Statements - Output,"All in all, how truthful do you believe Output is with respect to what is stated in Input? - Truthfulness",Do you have any additional comments on this Input - Output pair?,Input - Divergent Information in Input,Output - Divergent Information in Output,Does Output contradict itself?,Copy and paste or write in the box below the parts of Output that contradict each other.,Does Input include Output?,Does Output include Input?,Does Output contain factually wrong information?,"From within the Divergent Information in Output you highlighted earlier, copy and paste or write in the box below ONLY what you believe to be factually wrong information (one piece of information per line  and consider the full spans of text).",Does Output include Input?,Does Output include Input?,Does Output contradict Input?,Copy and paste or write in the boxes below the parts in Input and Output that contradict each oth... - Information Sources - Contradictory Statements - Input,Copy and paste or write in the boxes below the parts in Input and Output that contradict each oth... - Information Sources - Contradictory Statements - Output,"All in all, how truthful do you believe Output is with respect to what is stated in Input? - Truthfulness",Do you have any additional comments on this Input - Output pair?,Input - Divergent Information in Input,Output - Divergent Information in Output,Does Output contradict itself?,Copy and paste or write in the box below the parts of Output that contradict each other.,Does Input include Output?,Does Output include Input?,Does Output contain factually wrong information?,"From within the Divergent Information in Output you highlighted earlier, copy and paste or write in the box below ONLY what you believe to be factually wrong information (one piece of information per line  and consider the full spans of text).",Does Output include Input?,Does Output include Input?,Does Output contradict Input?,Copy and paste or write in the boxes below the parts in Input and Output that contradict each oth... - Information Sources - Contradictory Statements - Input,Copy and paste or write in the boxes below the parts in Input and Output that contradict each oth... - Information Sources - Contradictory Statements - Output,"All in all, how truthful do you believe Output is with respect to what is stated in Input? - Truthfulness",Do you have any additional comments on this Input - Output pair?,Input - Divergent Information in Input,Output - Divergent Information in Output,Does Output contradict itself?,Copy and paste or write in the box below the parts of Output that contradict each other.,Does Input include Output?,Does Output include Input?,Does Output contain factually wrong information?,"From within the Divergent Information in Output you highlighted earlier, copy and paste or write in the box below ONLY what you believe to be factually wrong information (one piece of information per line  and consider the full spans of text).",Does Output include Input?,Does Output include Input?,Does Output contradict Input?,Copy and paste or write in the boxes below the parts in Input and Output that contradict each oth... - Information Sources - Contradictory Statements - Input,Copy and paste or write in the boxes below the parts in Input and Output that contradict each oth... - Information Sources - Contradictory Statements - Output,"All in all, how truthful do you believe Output is with respect to what is stated in Input? - Truthfulness",Do you have any additional comments on this Input - Output pair?,Input - Divergent Information in Input,Output - Divergent Information in Output,Does Output contradict itself?,Copy and paste or write in the box below the parts of Output that contradict each other.,Does Input include Output?,Does Output include Input?,Does Output contain factually wrong information?,"From within the Divergent Information in Output you highlighted earlier, copy and paste or write in the box below ONLY what you believe to be factually wrong information (one piece of information per line  and consider the full spans of text).",Does Output include Input?,Does Output include Input?,Does Output contradict Input?,Copy and paste or write in the boxes below the parts in Input and Output that contradict each oth... - Information Sources - Contradictory Statements - Input,Copy and paste or write in the boxes below the parts in Input and Output that contradict each oth... - Information Sources - Contradictory Statements - Output,"All in all, how truthful do you believe Output is with respect to what is stated in Input? - Truthfulness",Do you have any additional comments on this Input - Output pair?,Input - Divergent Information in Input,Output - Divergent Information in Output,Does Output contradict itself?,Copy and paste or write in the box below the parts of Output that contradict each other.,Does Input include Output?,Does Output include Input?,Does Output contain factually wrong information?,"From within the Divergent Information in Output you highlighted earlier, copy and paste or write in the box below ONLY what you believe to be factually wrong information (one piece of information per line  and consider the full spans of text).",Does Output include Input?,Does Output include Input?,Does Output contradict Input?,Copy and paste or write in the boxes below the parts in Input and Output that contradict each oth... - Information Sources - Contradictory Statements - Input,Copy and paste or write in the boxes below the parts in Input and Output that contradict each oth... - Information Sources - Contradictory Statements - Output,"All in all, how truthful do you believe Output is with respect to what is stated in Input? - Truthfulness",Do you have any additional comments on this Input - Output pair?,Input - Divergent Information in Input,Output - Divergent Information in Output,Does Output contradict itself?,Copy and paste or write in the box below the parts of Output that contradict each other.,Does Input include Output?,Does Output include Input?,Does Output contain factually wrong information?,"From within the Divergent Information in Output you highlighted earlier, copy and paste or write in the box below ONLY what you believe to be factually wrong information (one piece of information per line  and consider the full spans of text).",Does Output include Input?,Does Output include Input?,Does Output contradict Input?,Copy and paste or write in the boxes below the parts in Input and Output that contradict each oth... - Information Sources - Contradictory Statements - Input,Copy and paste or write in the boxes below the parts in Input and Output that contradict each oth... - Information Sources - Contradictory Statements - Output,"All in all, how truthful do you believe Output is with respect to what is stated in Input? - Truthfulness",Do you have any additional comments on this Input - Output pair?,Input - Divergent Information in Input,Output - Divergent Information in Output,Does Output contradict itself?,Copy and paste or write in the box below the parts of Output that contradict each other.,Does Input include Output?,Does Output include Input?,Does Output contain factually wrong information?,"From within the Divergent Information in Output you highlighted earlier, copy and paste or write in the box below ONLY what you believe to be factually wrong information (one piece of information per line  and consider the full spans of text).",Does Output include Input?,Does Output include Input?,Does Output contradict Input?,Copy and paste or write in the boxes below the parts in Input and Output that contradict each oth... - Information Sources - Contradictory Statements - Input,Copy and paste or write in the boxes below the parts in Input and Output that contradict each oth... - Information Sources - Contradictory Statements - Output,"All in all, how truthful do you believe Output is with respect to what is stated in Input? - Truthfulness",Do you have any additional comments on this Input - Output pair?,Input - Divergent Information in Input,Output - Divergent Information in Output,Does Output contradict itself?,Copy and paste or write in the box below the parts of Output that contradict each other.,Does Input include Output?,Does Output include Input?,Does Output contain factually wrong information?,"From within the Divergent Information in Output you highlighted earlier, copy and paste or write in the box below ONLY what you believe to be factually wrong information (one piece of information per line  and consider the full spans of text).",Does Output include Input?,Does Output include Input?,Does Output contradict Input?,Copy and paste or write in the boxes below the parts in Input and Output that contradict each oth... - Information Sources - Contradictory Statements - Input,Copy and paste or write in the boxes below the parts in Input and Output that contradict each oth... - Information Sources - Contradictory Statements - Output,"All in all, how truthful do you believe Output is with respect to what is stated in Input? - Truthfulness",Do you have any additional comments on this Input - Output pair?,Input - Divergent Information in Input,Output - Divergent Information in Output,Does Output contradict itself?,Copy and paste or write in the box below the parts of Output that contradict each other.,Does Input include Output?,Does Output include Input?,Does Output contain factually wrong information?,"From within the Divergent Information in Output you highlighted earlier, copy and paste or write in the box below ONLY what you believe to be factually wrong information (one piece of information per line  and consider the full spans of text).",Does Output include Input?,Does Output include Input?,Does Output contradict Input?,Copy and paste or write in the boxes below the parts in Input and Output that contradict each oth... - Information Sources - Contradictory Statements - Input,Copy and paste or write in the boxes below the parts in Input and Output that contradict each oth... - Information Sources - Contradictory Statements - Output,"All in all, how truthful do you believe Output is with respect to what is stated in Input? - Truthfulness",Do you have any additional comments on this Input - Output pair?,Input - Divergent Information in Input,Output - Divergent Information in Output,Does Output contradict itself?,Copy and paste or write in the box below the parts of Output that contradict each other.,Does Input include Output?,Does Output include Input?,Does Output contain factually wrong information?,"From within the Divergent Information in Output you highlighted earlier, copy and paste or write in the box below ONLY what you believe to be factually wrong information (one piece of information per line  and consider the full spans of text).",Does Output include Input?,Does Output include Input?,Does Output contradict Input?,Copy and paste or write in the boxes below the parts in Input and Output that contradict each oth... - Information Sources - Contradictory Statements - Input,Copy and paste or write in the boxes below the parts in Input and Output that contradict each oth... - Information Sources - Contradictory Statements - Output,"All in all, how truthful do you believe Output is with respect to what is stated in Input? - Truthfulness",Do you have any additional comments on this Input - Output pair?,Input - Divergent Information in Input,Output - Divergent Information in Output,Does Output contradict itself?,Copy and paste or write in the box below the parts of Output that contradict each other.,Does Input include Output?,Does Output include Input?,Does Output contain factually wrong information?,"From within the Divergent Information in Output you highlighted earlier, copy and paste or write in the box below ONLY what you believe to be factually wrong information (one piece of information per line  and consider the full spans of text).",Does Output include Input?,Does Output include Input?,Does Output contradict Input?,Copy and paste or write in the boxes below the parts in Input and Output that contradict each oth... - Information Sources - Contradictory Statements - Input,Copy and paste or write in the boxes below the parts in Input and Output that contradict each oth... - Information Sources - Contradictory Statements - Output,"All in all, how truthful do you believe Output is with respect to what is stated in Input? - Truthfulness",Do you have any additional comments on this Input - Output pair?,Input - Divergent Information in Input,Output - Divergent Information in Output,Does Output contradict itself?,Copy and paste or write in the box below the parts of Output that contradict each other.,Does Input include Output?,Does Output include Input?,Does Output contain factually wrong information?,"From within the Divergent Information in Output you highlighted earlier, copy and paste or write in the box below ONLY what you believe to be factually wrong information (one piece of information per line  and consider the full spans of text).",Does Output include Input?,Does Output include Input?,Does Output contradict Input?,Copy and paste or write in the boxes below the parts in Input and Output that contradict each oth... - Information Sources - Contradictory Statements - Input,Copy and paste or write in the boxes below the parts in Input and Output that contradict each oth... - Information Sources - Contradictory Statements - Output,"All in all, how truthful do you believe Output is with respect to what is stated in Input? - Truthfulness",Do you have any additional comments on this Input - Output pair?,Input - Divergent Information in Input,Output - Divergent Information in Output,Does Output contradict itself?,Copy and paste or write in the box below the parts of Output that contradict each other.,Does Input include Output?,Does Output include Input?,Does Output contain factually wrong information?,"From within the Divergent Information in Output you highlighted earlier, copy and paste or write in the box below ONLY what you believe to be factually wrong information (one piece of information per line  and consider the full spans of text).",Does Output include Input?,Does Output include Input?,Does Output contradict Input?,Copy and paste or write in the boxes below the parts in Input and Output that contradict each oth... - Information Sources - Contradictory Statements - Input,Copy and paste or write in the boxes below the parts in Input and Output that contradict each oth... - Information Sources - Contradictory Statements - Output,"All in all, how truthful do you believe Output is with respect to what is stated in Input? - Truthfulness",Do you have any additional comments on this Input - Output pair?,Input - Divergent Information in Input,Output - Divergent Information in Output,Does Output contradict itself?,Copy and paste or write in the box below the parts of Output that contradict each other.,Does Input include Output?,Does Output include Input?,Does Output contain factually wrong information?,"From within the Divergent Information in Output you highlighted earlier, copy and paste or write in the box below ONLY what you believe to be factually wrong information (one piece of information per line  and consider the full spans of text).",Does Output include Input?,Does Output include Input?,Does Output contradict Input?,Copy and paste or write in the boxes below the parts in Input and Output that contradict each oth... - Information Sources - Contradictory Statements - Input,Copy and paste or write in the boxes below the parts in Input and Output that contradict each oth... - Information Sources - Contradictory Statements - Output,"All in all, how truthful do you believe Output is with respect to what is stated in Input? - Truthfulness",Do you have any additional comments on this Input - Output pair?,Input - Divergent Information in Input,Output - Divergent Information in Output,Does Output contradict itself?,Copy and paste or write in the box below the parts of Output that contradict each other.,Does Input include Output?,Does Output include Input?,Does Output contain factually wrong information?,"From within the Divergent Information in Output you highlighted earlier, copy and paste or write in the box below ONLY what you believe to be factually wrong information (one piece of information per line  and consider the full spans of text).",Does Output include Input?,Does Output include Input?,Does Output contradict Input?,Copy and paste or write in the boxes below the parts in Input and Output that contradict each oth... - Information Sources - Contradictory Statements - Input,Copy and paste or write in the boxes below the parts in Input and Output that contradict each oth... - Information Sources - Contradictory Statements - Output,"All in all, how truthful do you believe Output is with respect to what is stated in Input? - Truthfulness",Do you have any additional comments on this Input - Output pair?,Input - Divergent Information in Input,Output - Divergent Information in Output,Does Output contradict itself?,Copy and paste or write in the box below the parts of Output that contradict each other.,Does Input include Output?,Does Output include Input?,Does Output contain factually wrong information?,"From within the Divergent Information in Output you highlighted earlier, copy and paste or write in the box below ONLY what you believe to be factually wrong information (one piece of information per line  and consider the full spans of text).",Does Output include Input?,Does Output include Input?,Does Output contradict Input?,Copy and paste or write in the boxes below the parts in Input and Output that contradict each oth... - Information Sources - Contradictory Statements - Input,Copy and paste or write in the boxes below the parts in Input and Output that contradict each oth... - Information Sources - Contradictory Statements - Output,"All in all, how truthful do you believe Output is with respect to what is stated in Input? - Truthfulness",Do you have any additional comments on this Input - Output pair?,Input - Divergent Information in Input,Output - Divergent Information in Output,Does Output contradict itself?,Copy and paste or write in the box below the parts of Output that contradict each other.,Does Input include Output?,Does Output include Input?,Does Output contain factually wrong information?,"From within the Divergent Information in Output you highlighted earlier, copy and paste or write in the box below ONLY what you believe to be factually wrong information (one piece of information per line  and consider the full spans of text).",Does Output include Input?,Does Output include Input?,Does Output contradict Input?,Copy and paste or write in the boxes below the parts in Input and Output that contradict each oth... - Information Sources - Contradictory Statements - Input,Copy and paste or write in the boxes below the parts in Input and Output that contradict each oth... - Information Sources - Contradictory Statements - Output,"All in all, how truthful do you believe Output is with respect to what is stated in Input? - Truthfulness",Do you have any additional comments on this Input - Output pair?,Input - Divergent Information in Input,Output - Divergent Information in Output,Does Output contradict itself?,Copy and paste or write in the box below the parts of Output that contradict each other.,Does Input include Output?,Does Output include Input?,Does Output contain factually wrong information?,"From within the Divergent Information in Output you highlighted earlier, copy and paste or write in the box below ONLY what you believe to be factually wrong information (one piece of information per line  and consider the full spans of text).",Does Output include Input?,Does Output include Input?,Does Output contradict Input?,Copy and paste or write in the boxes below the parts in Input and Output that contradict each oth... - Information Sources - Contradictory Statements - Input,Copy and paste or write in the boxes below the parts in Input and Output that contradict each oth... - Information Sources - Contradictory Statements - Output,"All in all, how truthful do you believe Output is with respect to what is stated in Input? - Truthfulness",Do you have any additional comments on this Input - Output pair?,Input - Divergent Information in Input,Output - Divergent Information in Output,Does Output contradict itself?,Copy and paste or write in the box below the parts of Output that contradict each other.,Does Input include Output?,Does Output include Input?,Does Output contain factually wrong information?,"From within the Divergent Information in Output you highlighted earlier, copy and paste or write in the box below ONLY what you believe to be factually wrong information (one piece of information per line  and consider the full spans of text).",Does Output include Input?,Does Output include Input?,Does Output contradict Input?,Copy and paste or write in the boxes below the parts in Input and Output that contradict each oth... - Information Sources - Contradictory Statements - Input,Copy and paste or write in the boxes below the parts in Input and Output that contradict each oth... - Information Sources - Contradictory Statements - Output,"All in all, how truthful do you believe Output is with respect to what is stated in Input? - Truthfulness",Do you have any additional comments on this Input - Output pair?,Input - Divergent Information in Input,Output - Divergent Information in Output,Does Output contradict itself?,Copy and paste or write in the box below the parts of Output that contradict each other.,Does Input include Output?,Does Output include Input?,Does Output contain factually wrong information?,"From within the Divergent Information in Output you highlighted earlier, copy and paste or write in the box below ONLY what you believe to be factually wrong information (one piece of information per line  and consider the full spans of text).",Does Output include Input?,Does Output include Input?,Does Output contradict Input?,Copy and paste or write in the boxes below the parts in Input and Output that contradict each oth... - Information Sources - Contradictory Statements - Input,Copy and paste or write in the boxes below the parts in Input and Output that contradict each oth... - Information Sources - Contradictory Statements - Output,"All in all, how truthful do you believe Output is with respect to what is stated in Input? - Truthfulness",Do you have any additional comments on this Input - Output pair?,Input - Divergent Information in Input,Output - Divergent Information in Output,Does Output contradict itself?,Copy and paste or write in the box below the parts of Output that contradict each other.,Does Input include Output?,Does Output include Input?,Does Output contain factually wrong information?,"From within the Divergent Information in Output you highlighted earlier, copy and paste or write in the box below ONLY what you believe to be factually wrong information (one piece of information per line  and consider the full spans of text).",Does Output include Input?,Does Output include Input?,Does Output contradict Input?,Copy and paste or write in the boxes below the parts in Input and Output that contradict each oth... - Information Sources - Contradictory Statements - Input,Copy and paste or write in the boxes below the parts in Input and Output that contradict each oth... - Information Sources - Contradictory Statements - Output,"All in all, how truthful do you believe Output is with respect to what is stated in Input? - Truthfulness",Do you have any additional comments on this Input - Output pair?,Input - Divergent Information in Input,Output - Divergent Information in Output,Does Output contradict itself?,Copy and paste or write in the box below the parts of Output that contradict each other.,Does Input include Output?,Does Output include Input?,Does Output contain factually wrong information?,"From within the Divergent Information in Output you highlighted earlier, copy and paste or write in the box below ONLY what you believe to be factually wrong information (one piece of information per line  and consider the full spans of text).",Does Output include Input?,Does Output include Input?,Does Output contradict Input?,Copy and paste or write in the boxes below the parts in Input and Output that contradict each oth... - Information Sources - Contradictory Statements - Input,Copy and paste or write in the boxes below the parts in Input and Output that contradict each oth... - Information Sources - Contradictory Statements - Output,"All in all, how truthful do you believe Output is with respect to what is stated in Input? - Truthfulness",Do you have any additional comments on this Input - Output pair?,Input - Divergent Information in Input,Output - Divergent Information in Output,Does Output contradict itself?,Copy and paste or write in the box below the parts of Output that contradict each other.,Does Input include Output?,Does Output include Input?,Does Output contain factually wrong information?,"From within the Divergent Information in Output you highlighted earlier, copy and paste or write in the box below ONLY what you believe to be factually wrong information (one piece of information per line  and consider the full spans of text).",Does Output include Input?,Does Output include Input?,Does Output contradict Input?,Copy and paste or write in the boxes below the parts in Input and Output that contradict each oth... - Information Sources - Contradictory Statements - Input,Copy and paste or write in the boxes below the parts in Input and Output that contradict each oth... - Information Sources - Contradictory Statements - Output,"All in all, how truthful do you believe Output is with respect to what is stated in Input? - Truthfulness",Do you have any additional comments on this Input - Output pair?,How long did it take (on average) to complete a single Input - Output pair?,"How long did it take to complete the whole experiment (interactive training, reading the guidelines, performing the task, etc.)?",How would you rate the complexity of the experiment? - Complexity,"Which were the most challenging parts, if any?",How helpful was the interactive training? - Helpfulness,How clear are the guidelines? - Clarity,"Do you understand the terminology? (e.g., inclusion, factually wrong, etc.)",Do you see any room for improvement in the interactive training and/or in the guidelines? (any aspect is welcome),How easy was it for you to use the graphical interface? - Easiness,Would you improve anything in the graphical interface?,Any last remark?
"{""ImportId"":""startDate"",""timeZone"":""America/Denver""}","{""ImportId"":""endDate"",""timeZone"":""America/Denver""}","{""ImportId"":""status""}","{""ImportId"":""ipAddress""}","{""ImportId"":""progress""}","{""ImportId"":""duration""}","{""ImportId"":""finished""}","{""ImportId"":""recordedDate"",""timeZone"":""America/Denver""}","{""ImportId"":""_recordId""}","{""ImportId"":""recipientLastName""}","{""ImportId"":""recipientFirstName""}","{""ImportId"":""recipientEmail""}","{""ImportId"":""externalDataReference""}","{""ImportId"":""locationLatitude""}","{""ImportId"":""locationLongitude""}","{""ImportId"":""distributionChannel""}","{""ImportId"":""userLanguage""}","{""ImportId"":""Q_RecaptchaScore""}","{""ImportId"":""QID33""}","{""ImportId"":""QID34_TEXT""}","{""ImportId"":""QID35""}","{""ImportId"":""QID36""}","{""ImportId"":""QID36_5_TEXT""}","{""ImportId"":""QID599_1""}","{""ImportId"":""QID37""}","{""ImportId"":""QID37_5_TEXT""}","{""ImportId"":""QID38_TEXT""}","{""ImportId"":""QID39_TEXT""}","{""ImportId"":""QID40_TEXT""}","{""ImportId"":""QID41""}","{""ImportId"":""QID71_1""}","{""ImportId"":""QID72_1""}","{""ImportId"":""QID96""}","{""ImportId"":""QID97""}","{""ImportId"":""QID125_TEXT""}","{""ImportId"":""QID127_TEXT""}","{""ImportId"":""QID114""}","{""ImportId"":""QID115#1_1_1""}","{""ImportId"":""QID115#1_1_2""}","{""ImportId"":""QID120#1_1_1""}","{""ImportId"":""QID120#1_1_2""}","{""ImportId"":""QID135""}","{""ImportId"":""QID136_TEXT""}","{""ImportId"":""QID138_TEXT""}","{""ImportId"":""QID139_1""}","{""ImportId"":""QID140_1""}","{""ImportId"":""QID141""}","{""ImportId"":""QID142_TEXT""}","{""ImportId"":""QID143""}","{""ImportId"":""QID144""}","{""ImportId"":""QID145""}","{""ImportId"":""QID146_TEXT""}","{""ImportId"":""QID147""}","{""ImportId"":""QID148""}","{""ImportId"":""QID149""}","{""ImportId"":""QID150#1_1_1""}","{""ImportId"":""QID150#1_1_2""}","{""ImportId"":""QID151_1""}","{""ImportId"":""QID152_TEXT""}","{""ImportId"":""QID244""}","{""ImportId"":""QID185_1""}","{""ImportId"":""QID186_1""}","{""ImportId"":""QID187""}","{""ImportId"":""QID188_TEXT""}","{""ImportId"":""QID189""}","{""ImportId"":""QID190""}","{""ImportId"":""QID191""}","{""ImportId"":""QID192_TEXT""}","{""ImportId"":""QID193""}","{""ImportId"":""QID194""}","{""ImportId"":""QID195""}","{""ImportId"":""QID196#1_1_1""}","{""ImportId"":""QID196#1_1_2""}","{""ImportId"":""QID197_1""}","{""ImportId"":""QID198_TEXT""}","{""ImportId"":""QID1_1""}","{""ImportId"":""QID2_1""}","{""ImportId"":""QID3""}","{""ImportId"":""QID57_TEXT""}","{""ImportId"":""QID4""}","{""ImportId"":""QID20""}","{""ImportId"":""QID5""}","{""ImportId"":""QID12_TEXT""}","{""ImportId"":""QID22""}","{""ImportId"":""QID23""}","{""ImportId"":""QID24""}","{""ImportId"":""QID25#1_1_1""}","{""ImportId"":""QID25#1_1_2""}","{""ImportId"":""QID27_1""}","{""ImportId"":""QID59_TEXT""}","{""ImportId"":""QID375_1""}","{""ImportId"":""QID376_1""}","{""ImportId"":""QID377""}","{""ImportId"":""QID378_TEXT""}","{""ImportId"":""QID379""}","{""ImportId"":""QID380""}","{""ImportId"":""QID381""}","{""ImportId"":""QID382_TEXT""}","{""ImportId"":""QID383""}","{""ImportId"":""QID384""}","{""ImportId"":""QID385""}","{""ImportId"":""QID386#1_1_1""}","{""ImportId"":""QID386#1_1_2""}","{""ImportId"":""QID387_1""}","{""ImportId"":""QID388_TEXT""}","{""ImportId"":""QID431_1""}","{""ImportId"":""QID432_1""}","{""ImportId"":""QID433""}","{""ImportId"":""QID434_TEXT""}","{""ImportId"":""QID435""}","{""ImportId"":""QID436""}","{""ImportId"":""QID437""}","{""ImportId"":""QID438_TEXT""}","{""ImportId"":""QID439""}","{""ImportId"":""QID440""}","{""ImportId"":""QID441""}","{""ImportId"":""QID442#1_1_1""}","{""ImportId"":""QID442#1_1_2""}","{""ImportId"":""QID443_1""}","{""ImportId"":""QID444_TEXT""}","{""ImportId"":""QID487_1""}","{""ImportId"":""QID488_1""}","{""ImportId"":""QID489""}","{""ImportId"":""QID490_TEXT""}","{""ImportId"":""QID491""}","{""ImportId"":""QID492""}","{""ImportId"":""QID493""}","{""ImportId"":""QID494_TEXT""}","{""ImportId"":""QID495""}","{""ImportId"":""QID496""}","{""ImportId"":""QID497""}","{""ImportId"":""QID498#1_1_1""}","{""ImportId"":""QID498#1_1_2""}","{""ImportId"":""QID499_1""}","{""ImportId"":""QID500_TEXT""}","{""ImportId"":""QID543_1""}","{""ImportId"":""QID544_1""}","{""ImportId"":""QID545""}","{""ImportId"":""QID546_TEXT""}","{""ImportId"":""QID547""}","{""ImportId"":""QID548""}","{""ImportId"":""QID549""}","{""ImportId"":""QID550_TEXT""}","{""ImportId"":""QID551""}","{""ImportId"":""QID552""}","{""ImportId"":""QID553""}","{""ImportId"":""QID554#1_1_1""}","{""ImportId"":""QID554#1_1_2""}","{""ImportId"":""QID555_1""}","{""ImportId"":""QID556_TEXT""}","{""ImportId"":""QID263_1""}","{""ImportId"":""QID264_1""}","{""ImportId"":""QID265""}","{""ImportId"":""QID266_TEXT""}","{""ImportId"":""QID267""}","{""ImportId"":""QID268""}","{""ImportId"":""QID269""}","{""ImportId"":""QID270_TEXT""}","{""ImportId"":""QID271""}","{""ImportId"":""QID272""}","{""ImportId"":""QID273""}","{""ImportId"":""QID274#1_1_1""}","{""ImportId"":""QID274#1_1_2""}","{""ImportId"":""QID275_1""}","{""ImportId"":""QID276_TEXT""}","{""ImportId"":""QID319_1""}","{""ImportId"":""QID320_1""}","{""ImportId"":""QID321""}","{""ImportId"":""QID322_TEXT""}","{""ImportId"":""QID323""}","{""ImportId"":""QID324""}","{""ImportId"":""QID325""}","{""ImportId"":""QID326_TEXT""}","{""ImportId"":""QID327""}","{""ImportId"":""QID328""}","{""ImportId"":""QID329""}","{""ImportId"":""QID330#1_1_1""}","{""ImportId"":""QID330#1_1_2""}","{""ImportId"":""QID331_1""}","{""ImportId"":""QID332_TEXT""}","{""ImportId"":""QID445_1""}","{""ImportId"":""QID446_1""}","{""ImportId"":""QID447""}","{""ImportId"":""QID448_TEXT""}","{""ImportId"":""QID449""}","{""ImportId"":""QID450""}","{""ImportId"":""QID451""}","{""ImportId"":""QID452_TEXT""}","{""ImportId"":""QID453""}","{""ImportId"":""QID454""}","{""ImportId"":""QID455""}","{""ImportId"":""QID456#1_1_1""}","{""ImportId"":""QID456#1_1_2""}","{""ImportId"":""QID457_1""}","{""ImportId"":""QID458_TEXT""}","{""ImportId"":""QID501_1""}","{""ImportId"":""QID502_1""}","{""ImportId"":""QID503""}","{""ImportId"":""QID504_TEXT""}","{""ImportId"":""QID505""}","{""ImportId"":""QID506""}","{""ImportId"":""QID507""}","{""ImportId"":""QID508_TEXT""}","{""ImportId"":""QID509""}","{""ImportId"":""QID510""}","{""ImportId"":""QID511""}","{""ImportId"":""QID512#1_1_1""}","{""ImportId"":""QID512#1_1_2""}","{""ImportId"":""QID513_1""}","{""ImportId"":""QID514_TEXT""}","{""ImportId"":""QID557_1""}","{""ImportId"":""QID558_1""}","{""ImportId"":""QID559""}","{""ImportId"":""QID560_TEXT""}","{""ImportId"":""QID561""}","{""ImportId"":""QID562""}","{""ImportId"":""QID563""}","{""ImportId"":""QID564_TEXT""}","{""ImportId"":""QID565""}","{""ImportId"":""QID566""}","{""ImportId"":""QID567""}","{""ImportId"":""QID568#1_1_1""}","{""ImportId"":""QID568#1_1_2""}","{""ImportId"":""QID569_1""}","{""ImportId"":""QID570_TEXT""}","{""ImportId"":""QID277_1""}","{""ImportId"":""QID278_1""}","{""ImportId"":""QID279""}","{""ImportId"":""QID280_TEXT""}","{""ImportId"":""QID281""}","{""ImportId"":""QID282""}","{""ImportId"":""QID283""}","{""ImportId"":""QID284_TEXT""}","{""ImportId"":""QID285""}","{""ImportId"":""QID286""}","{""ImportId"":""QID287""}","{""ImportId"":""QID288#1_1_1""}","{""ImportId"":""QID288#1_1_2""}","{""ImportId"":""QID289_1""}","{""ImportId"":""QID290_TEXT""}","{""ImportId"":""QID333_1""}","{""ImportId"":""QID334_1""}","{""ImportId"":""QID335""}","{""ImportId"":""QID336_TEXT""}","{""ImportId"":""QID337""}","{""ImportId"":""QID338""}","{""ImportId"":""QID339""}","{""ImportId"":""QID340_TEXT""}","{""ImportId"":""QID341""}","{""ImportId"":""QID342""}","{""ImportId"":""QID343""}","{""ImportId"":""QID344#1_1_1""}","{""ImportId"":""QID344#1_1_2""}","{""ImportId"":""QID345_1""}","{""ImportId"":""QID346_TEXT""}","{""ImportId"":""QID389_1""}","{""ImportId"":""QID390_1""}","{""ImportId"":""QID391""}","{""ImportId"":""QID392_TEXT""}","{""ImportId"":""QID393""}","{""ImportId"":""QID394""}","{""ImportId"":""QID395""}","{""ImportId"":""QID396_TEXT""}","{""ImportId"":""QID397""}","{""ImportId"":""QID398""}","{""ImportId"":""QID399""}","{""ImportId"":""QID400#1_1_1""}","{""ImportId"":""QID400#1_1_2""}","{""ImportId"":""QID401_1""}","{""ImportId"":""QID402_TEXT""}","{""ImportId"":""QID515_1""}","{""ImportId"":""QID516_1""}","{""ImportId"":""QID517""}","{""ImportId"":""QID518_TEXT""}","{""ImportId"":""QID519""}","{""ImportId"":""QID520""}","{""ImportId"":""QID521""}","{""ImportId"":""QID522_TEXT""}","{""ImportId"":""QID523""}","{""ImportId"":""QID524""}","{""ImportId"":""QID525""}","{""ImportId"":""QID526#1_1_1""}","{""ImportId"":""QID526#1_1_2""}","{""ImportId"":""QID527_1""}","{""ImportId"":""QID528_TEXT""}","{""ImportId"":""QID571_1""}","{""ImportId"":""QID572_1""}","{""ImportId"":""QID573""}","{""ImportId"":""QID574_TEXT""}","{""ImportId"":""QID575""}","{""ImportId"":""QID576""}","{""ImportId"":""QID577""}","{""ImportId"":""QID578_TEXT""}","{""ImportId"":""QID579""}","{""ImportId"":""QID580""}","{""ImportId"":""QID581""}","{""ImportId"":""QID582#1_1_1""}","{""ImportId"":""QID582#1_1_2""}","{""ImportId"":""QID583_1""}","{""ImportId"":""QID584_TEXT""}","{""ImportId"":""QID291_1""}","{""ImportId"":""QID292_1""}","{""ImportId"":""QID293""}","{""ImportId"":""QID294_TEXT""}","{""ImportId"":""QID295""}","{""ImportId"":""QID296""}","{""ImportId"":""QID297""}","{""ImportId"":""QID298_TEXT""}","{""ImportId"":""QID299""}","{""ImportId"":""QID300""}","{""ImportId"":""QID301""}","{""ImportId"":""QID302#1_1_1""}","{""ImportId"":""QID302#1_1_2""}","{""ImportId"":""QID303_1""}","{""ImportId"":""QID304_TEXT""}","{""ImportId"":""QID347_1""}","{""ImportId"":""QID348_1""}","{""ImportId"":""QID349""}","{""ImportId"":""QID350_TEXT""}","{""ImportId"":""QID351""}","{""ImportId"":""QID352""}","{""ImportId"":""QID353""}","{""ImportId"":""QID354_TEXT""}","{""ImportId"":""QID355""}","{""ImportId"":""QID356""}","{""ImportId"":""QID357""}","{""ImportId"":""QID358#1_1_1""}","{""ImportId"":""QID358#1_1_2""}","{""ImportId"":""QID359_1""}","{""ImportId"":""QID360_TEXT""}","{""ImportId"":""QID403_1""}","{""ImportId"":""QID404_1""}","{""ImportId"":""QID405""}","{""ImportId"":""QID406_TEXT""}","{""ImportId"":""QID407""}","{""ImportId"":""QID408""}","{""ImportId"":""QID409""}","{""ImportId"":""QID410_TEXT""}","{""ImportId"":""QID411""}","{""ImportId"":""QID412""}","{""ImportId"":""QID413""}","{""ImportId"":""QID414#1_1_1""}","{""ImportId"":""QID414#1_1_2""}","{""ImportId"":""QID415_1""}","{""ImportId"":""QID416_TEXT""}","{""ImportId"":""QID459_1""}","{""ImportId"":""QID460_1""}","{""ImportId"":""QID461""}","{""ImportId"":""QID462_TEXT""}","{""ImportId"":""QID463""}","{""ImportId"":""QID464""}","{""ImportId"":""QID465""}","{""ImportId"":""QID466_TEXT""}","{""ImportId"":""QID467""}","{""ImportId"":""QID468""}","{""ImportId"":""QID469""}","{""ImportId"":""QID470#1_1_1""}","{""ImportId"":""QID470#1_1_2""}","{""ImportId"":""QID471_1""}","{""ImportId"":""QID472_TEXT""}","{""ImportId"":""QID585_1""}","{""ImportId"":""QID586_1""}","{""ImportId"":""QID587""}","{""ImportId"":""QID588_TEXT""}","{""ImportId"":""QID589""}","{""ImportId"":""QID590""}","{""ImportId"":""QID591""}","{""ImportId"":""QID592_TEXT""}","{""ImportId"":""QID593""}","{""ImportId"":""QID594""}","{""ImportId"":""QID595""}","{""ImportId"":""QID596#1_1_1""}","{""ImportId"":""QID596#1_1_2""}","{""ImportId"":""QID597_1""}","{""ImportId"":""QID598_TEXT""}","{""ImportId"":""QID305_1""}","{""ImportId"":""QID306_1""}","{""ImportId"":""QID307""}","{""ImportId"":""QID308_TEXT""}","{""ImportId"":""QID309""}","{""ImportId"":""QID310""}","{""ImportId"":""QID311""}","{""ImportId"":""QID312_TEXT""}","{""ImportId"":""QID313""}","{""ImportId"":""QID314""}","{""ImportId"":""QID315""}","{""ImportId"":""QID316#1_1_1""}","{""ImportId"":""QID316#1_1_2""}","{""ImportId"":""QID317_1""}","{""ImportId"":""QID318_TEXT""}","{""ImportId"":""QID361_1""}","{""ImportId"":""QID362_1""}","{""ImportId"":""QID363""}","{""ImportId"":""QID364_TEXT""}","{""ImportId"":""QID365""}","{""ImportId"":""QID366""}","{""ImportId"":""QID367""}","{""ImportId"":""QID368_TEXT""}","{""ImportId"":""QID369""}","{""ImportId"":""QID370""}","{""ImportId"":""QID371""}","{""ImportId"":""QID372#1_1_1""}","{""ImportId"":""QID372#1_1_2""}","{""ImportId"":""QID373_1""}","{""ImportId"":""QID374_TEXT""}","{""ImportId"":""QID417_1""}","{""ImportId"":""QID418_1""}","{""ImportId"":""QID419""}","{""ImportId"":""QID420_TEXT""}","{""ImportId"":""QID421""}","{""ImportId"":""QID422""}","{""ImportId"":""QID423""}","{""ImportId"":""QID424_TEXT""}","{""ImportId"":""QID425""}","{""ImportId"":""QID426""}","{""ImportId"":""QID427""}","{""ImportId"":""QID428#1_1_1""}","{""ImportId"":""QID428#1_1_2""}","{""ImportId"":""QID429_1""}","{""ImportId"":""QID430_TEXT""}","{""ImportId"":""QID473_1""}","{""ImportId"":""QID474_1""}","{""ImportId"":""QID475""}","{""ImportId"":""QID476_TEXT""}","{""ImportId"":""QID477""}","{""ImportId"":""QID478""}","{""ImportId"":""QID479""}","{""ImportId"":""QID480_TEXT""}","{""ImportId"":""QID481""}","{""ImportId"":""QID482""}","{""ImportId"":""QID483""}","{""ImportId"":""QID484#1_1_1""}","{""ImportId"":""QID484#1_1_2""}","{""ImportId"":""QID485_1""}","{""ImportId"":""QID486_TEXT""}","{""ImportId"":""QID529_1""}","{""ImportId"":""QID530_1""}","{""ImportId"":""QID531""}","{""ImportId"":""QID532_TEXT""}","{""ImportId"":""QID533""}","{""ImportId"":""QID534""}","{""ImportId"":""QID535""}","{""ImportId"":""QID536_TEXT""}","{""ImportId"":""QID537""}","{""ImportId"":""QID538""}","{""ImportId"":""QID539""}","{""ImportId"":""QID540#1_1_1""}","{""ImportId"":""QID540#1_1_2""}","{""ImportId"":""QID541_1""}","{""ImportId"":""QID542_TEXT""}","{""ImportId"":""QID43_TEXT""}","{""ImportId"":""QID44_TEXT""}","{""ImportId"":""QID45_1""}","{""ImportId"":""QID46_TEXT""}","{""ImportId"":""QID156_1""}","{""ImportId"":""QID47_1""}","{""ImportId"":""QID48_TEXT""}","{""ImportId"":""QID49_TEXT""}","{""ImportId"":""QID50_1""}","{""ImportId"":""QID51_TEXT""}","{""ImportId"":""QID52_TEXT""}"
4/2/24 3:09,4/2/24 5:52,IP Address,*******,100,9760,TRUE,4/2/24 5:52,,*******,*******,*******,*******,*******,*******,anonymous,EN,0.8999999761581421,Yes,,,"Other (please, specify)",Bosnian,4,,,,,,No,,"10: luxurious,21: Many,22: of,23: the,24: rooms,25: offer,26: stunning,27: views,,39: The,40: hotel,41: also,42: has,43: a,44: range,45: of,46: dining,47: options.,48: For,49: those,50: who,51: like,52: to,53: stay,54: active,,55: the,56: hotel,57: has,58: a,59: range,60: of,61: sport,62: facilities,,115: before,116: or,117: after,118: check-in.",No,No,"Libya
","Libya
The hotel also has a range of dining options.",Yes,"5
Egypt
Pets allowed","4
Libya
Unfortunately, the hotel is not pet-friendly.",,,Yes,"And if you are traveling with pets, the hotel is pet-friendly!
Unfortunately, the hotel is not pet-friendly.",,,,No,,Yes,No,,,,,,,,5,,Yes,,"7: alluring,20: swimming,21: pool.",No,,No,,Yes,swimming pool,,Yes,,,,4,,,,,,,,,,,,,,,,,,,,,,,,,,,,,,,,,,,,,,,,,,,,,,,,,,,,,,,,,,,,,,,,,,,,,,,,,,,,,,"6: charming,10: in,11: the,12: heart,16: This,17: hotel,18: offers,19: a,20: range,21: of,22: facilities,23: and,24: amenities,25: to,26: ensure,27: a,28: comfortable,29: and,30: enjoyable,31: stay,32: for,33: all,34: guests.,59: providing,60: guests,61: with,62: a,63: comfortable,64: and,65: relaxing,66: space,67: to,68: unwind,69: after,70: a,71: long,72: day,73: of,74: exploring,75: the,76: city.,107: delicious,109: providing,110: guests,111: with,112: the,113: energy,114: they,115: need,116: to,117: start,118: their,119: day,120: off,121: right.,135: providing,136: guests,137: with,138: the,139: opportunity,140: to,141: enjoy,142: some,143: leisurely,144: activities,145: during,146: their,147: stay.,159: ensuring,160: that,161: families,162: with,163: young,164: children,165: are,166: well,167: catered,168: for.",No,,Yes,No,,,,,,,,6,"repetition of the phrase ""providing guests"" in the output","29: (rooms),30: Sport:,31: Horse,32: riding,,33: Diving,36: Organised,37: activities,38: for,39: kids,,47: Accessible,48: bathroom,",,No,,Yes,No,,,,,,,,5,,,"3: coastal,4: bliss",No,,Yes,Yes,,,,,,,,7,"Cater to you little ones with Kids stay for free,... - strange formualtion","41: Kids,42: stay,43: for,44: free,","2: luxury,21: Nestled,22: along,23: the,24: picturesque,25: coastline,,37: free,57: refreshing,85: soothing",No,,Yes,No,,,,,,,,6,Kids stay for free benefit missing from Output,,,No,,Yes,Yes,,,,,,,,7,,,,,,,,,,,,,,,,,,,,,,,,,,,,,,,,,,,,,,,,,,,,,,,,,,,,,,,,,,,,,,,,,,,,,,,,,,,,,,,,,,,,,,,,,,,,,,,,,,,,,,,,,,,,,,,,,,,,,,,,,,,,,,,,,,,,,,,,,,,,,,,,,,,,,,,,,,,,,,,,,,,,,,,,,,,,,,,,,,,,,,,,,,,,,,,,,,,,,,,,,,,,,,,,,,,,,,,,,,,,,,,,,,,4mins,40mins,3,,5,5,yes,I felt the interactive training was adequate,5,,Good luck!
4/2/24 5:41,4/2/24 6:20,IP Address,*******,100,2323,TRUE,4/2/24 6:20,,*******,*******,*******,*******,*******,*******,anonymous,EN,0.4000000059604645,Yes,,,English,,,,,,,,No,"43: Wellness:,44: Steam,45: room","13: located,14: in,15: the,16: heart,26: stunning,27: views,,39: The,40: hotel,41: also,42: has,43: a,44: range,45: of,46: dining,47: options.",No,No,"Libya
The hotel also has a range of dining options.",,Yes,"5
Egypt
Pets allowed","4
Libya
Unfortunately, the hotel is not pet-friendly.",,,Yes,"And if you are traveling with pets, the hotel is pet-friendly!
Unfortunately, the hotel is not pet-friendly.",,,,No,,Yes,Yes,,,,,,,,6,,Yes,,"7: alluring,20: swimming,21: pool.",No,,No,,Yes,swimming pool,,Yes,,,,5,,"22: Coffee,23: machine,,24: Sitting,25: area,27: Golf,28: course,,34: Childcare,39: Accessible,40: hotel,,41: Wheelchair,42: accessible,","19: buffet,",No,,No,,Yes,buffet,,No,No,,,5,,"47: Accessible,48: bathroom,,49: Accessible,50: hotel","1: Indulge,2: in,3: luxury,21: offers,22: a,23: serene,24: escape,27: accessible,28: accommodations,30: soothing,38: treatments,,41: Keep,42: entertained,51: Families,52: can,53: enjoy,54: organized,55: activities,65: convenient,69: ensures,70: a,71: comfortable,72: stay",No,,No,,No,,No,,,,,5,,"37: for,38: kids,46: Accessible,47: bathroom,","5: luxurious,13: elegant",No,,Yes,No,,,,,,,,5,,"25: WiFi,26: in,27: public,28: areas,,29: Free,30: WiFi,37: Diving","12: luxurious,18: sunny,26: beachfront,37: free,38: WiFi,39: in,40: public,41: areas,,52: relaxing,56: long,57: day,58: of,59: exploring,60: the,61: city,62: or,63: diving,64: in,65: the,66: crystal-clear,67: waters,68: of,69: the,70: Red,71: Sea.,109: perfect,110: for,111: unwinding,112: and,113: rejuvenating.,124: committed",No,,No,,Yes,free WiFi in public areas,,No,Yes,"WiFi in public areas, Free WiFi",free WiFi in public areas,5,,,"15: located,16: in,17: the,18: heart,24: stunning,34: ensure,35: a,36: comfortable,37: and,38: enjoyable,39: stay,40: for,41: all,42: guests.,43: As,44: a,45: Destination,46: by,47: Hyatt,48: Residence,,59: making,60: it,61: easy,62: for,63: guests,64: to,65: explore,66: the,67: local,68: area.,104: plenty,105: of,106: opportunities,107: to,108: stay,109: active,110: during,111: your,112: stay.,132: making,133: it,134: an,135: ideal,136: choice,137: for,138: families.,145: top-notch,,156: help,157: guests,158: relax,159: and,160: unwind.,167: ensuring,168: that,169: all,170: guests,171: can,172: enjoy,173: a,174: comfortable,175: and,176: accessible,177: stay.",No,,No,,No,,Yes,,,,,5,,,,,,,,,,,,,,,,,,,,,,,,,,,,,,,,,,,,,,,,,,,,,,,,,,,,,,,,,,,,,,,,,,,,,,,,,,,,,,,,,,,,,,,,,,,,,,,,,,,,,,,,,,,,,,,,,,,,,,,,,,,,,,,,,,,,,,,,,,,,,,,,,,,,,,,,,,,,,,,,,,,,,,,,,,,,,,,,,,,,,,,,,,,,,,,,,,,,,,,,,,,,,,,,,,,,,,,,,,,,,,,,,,,,,,,,,,,,,,,,,,,,,,,,,,,,,,,,,,,,,,,,,,,,,,,,,,,,,,,,,,,,,,,,,,,,,,,,,,,,,,4 minutes,1 hour,4,,5,5,Yes,Concise summary of the guidelines in bullet points for the tasks would be helpful ,5,,
4/2/24 2:08,4/2/24 6:26,IP Address,*******,100,15484,TRUE,4/2/24 6:26,,*******,*******,*******,*******,*******,*******,anonymous,EN,0.8999999761581421,Yes,,,"Other (please, specify)",italian,4,,,,,,No,"44: Steam,45: room","10: luxurious,14: in,15: the,16: heart,17: of,26: stunning,27: views,,39: The,40: hotel,41: also,42: has,43: a,44: range,45: of,46: dining,47: options.",No,No," luxurious
 the heart of Sharm el-Sheikh, Libya
The hotel also has a range of dining options.",,Yes,"5
Egypt
Pets allowed","4
Libya
Unfortunately, the hotel is not pet-friendly.",,,Yes,"the hotel is pet-friendly!
Unfortunately, the hotel is not pet-friendly.",,,"21: luxurious,22: stay,35: cozy,36: rooms,64: wellness,65: center.",No,,No,,Yes,"Luxury Stay 
Wellness Center ",,Yes,,,,5,,Yes,,"7: alluring,20: swimming,21: pool.",No,,No,,Yes,"alluring 
swimming pool ",,Yes,,,,4,,,,,,,,,,,,,,,,,,,,,,,,,,,,,,,,,,,,,,,,,,,,,,,,,,,,,,,,,,,,,,,,,,,,,,,,,,,,,,,,,,,,,,,,,,,,,,,,,,,,,,,,,,,,,,,,,,,,,,,,,,,,,,,,,,,,,,,,,,,,,,,,,,,,,,,,,"33: golf,34: course,",No,,No,,Yes,golf course ,,Yes,,,,5,,"47: Accessible,48: bathroom,,49: Accessible,50: hotel","10: luxurious,16: beautiful,24: stunning,28: wide,29: range,37: comfortable,38: and,39: unforgettable,40: stay,89: variety",No,,No,,Yes,"Luxury hotel
Beautiful city of Bahia 
 ""wide range and variety"" suggests numerous facilities, amenities, or activities, although they are already detailed in the description. The current wording may imply that only a few have been mentioned, leaving many more available to guests.",,No,Yes,"wide range
 variety
 variety
","only Laundry
only free wifi
including horse riding and diving ( these are the only ones) ",3,,"16: Hotel,17: bar,20: Balcony,21: (upon,22: inquiry),25: Surfing,,26: Bike,27: rental,30: Kids,31: stay,32: for,33: free,,46: Accessible,47: bathroom,,48: Wheelchair,49: accessible,,50: Accessible,51: parking","35: free,36: childcare",Yes,free childcare ,,,,,,,,,,2,,"40: Cot,","3: paradise,20: idyllic,21: beach,40: rejuvenating,41: spa,54: free,55: WiFi,56: in,57: public,58: areas.",Yes,assuming WIFI is Free in public areas ,,,,,,,,,,3,,,21: luxurious,No,,Yes,Yes,,,,,,,,6,,,,,,,,,,,,,,,,,,,,,,,,,,,,,,,,,,,,,,,,,,,,,,,,,,,,,,,,,,,,,,,,,,,,,,,,,,,,,,,,,,,,,,,,,,,,,,,,,,,,,,,,,,,,,,,,,,,,,,,,,,,,,,,,,,,,,,,,,,,,,,,,,,,,,,,,5 min,40 min,3,,5,5,yes,,4,,
4/2/24 5:58,4/2/24 7:09,IP Address,*******,100,4226,TRUE,4/2/24 7:09,,*******,*******,*******,*******,*******,*******,anonymous,EN,0.8999999761581421,Yes,,,"Other (please, specify)",Malay,4,,,,,,No,"43: Wellness:,44: Steam,45: room","26: stunning,27: views,,113: their,114: bags,115: before,116: or,117: after,118: check-in.",No,No,"Libya
","Libya
The hotel also has a range of dining options.",Yes,"5
Egypt","4
Libya","5
Egypt
Pets allowed","4
Libya
Unfortunately, the hotel is not pet-friendly.",Yes,"Unfortunately, the hotel is not pet-friendly.","the hotel is pet-friendly!
Unfortunately, the hotel is not pet-friendly.",,,No,,Yes,Yes,,,,,,,,6,,Yes,,"20: swimming,21: pool.",No,,No,,No,,Yes,,,,,4,,,,,,,,,,,,,,,,,,,,,,,,,,,,,,,,,,,,,,,,,,,,,,,,,,,,,,,,,,,,,,,,,,,,,,,,,,,,,,,,,,,,,,,,,,,,,,,,,,,,,,,,,,,,,,,,,,,,,,,,,,,,,,,,,,,,,,,,,,,,,,,,,,,,,,,,,,,,,,,,,,,,,,,,,,,,,,,,,,,,,,,,,,,,,,,,,,,,,,,,,,,,,,,,,,,,,,,,,,,,,,,,,,,,,,,,,,,,,,,,,,,,,,,,,,,,,,,,,,,,,,,,,,,,,,,,,,,,,,,,,,,,,,,,,,,,,,,,,,,,,,,,,,,,,,,,,,,,,,,,,,,,,,,,,,,,,,,,,,,,,,,,,,,,,,,,,,,,,,,,,,,,,,,,,,,,,,,,,,,,,,,,,,,
4/3/24 9:57,4/3/24 10:23,IP Address,*******,100,1612,TRUE,4/3/24 10:23,,*******,*******,*******,*******,*******,*******,anonymous,EN,0.8999999761581421,Yes,,,English,,,,,,,,No,"43: Wellness:,44: Steam,45: room","10: luxurious,13: located,14: in,15: the,16: heart,17: of,21: Many,22: of,23: the,24: rooms,25: offer,26: stunning,27: views,,39: The,40: hotel,41: also,42: has,43: a,44: range,45: of,46: dining,47: options.,57: has,58: a,59: range,60: of,61: sport,62: facilities,,93: making,94: it,95: an,96: ideal,97: choice,98: for,99: business,100: travelers.",No,No,"Libya
The hotel also has a range of dining options.",,Yes,"5
Egypt
Pets allowed","4
Libya
Unfortunately, the hotel is not pet-friendly.",,,Yes,"And if you are traveling with pets, the hotel is pet-friendly!
Unfortunately, the hotel is not pet-friendly.",,,"21: luxurious,25: pulsating,35: cozy,36: rooms",No,,Yes,Yes,,,,,,,,6,,Yes,,"20: swimming,21: pool.",No,,No,,Yes,swimming pool,,Yes,,,,4,,,,,,,,,,,,,,,,,,,,,,,,,,,,,,,,,,,,,,,,,,,,,,,,,,,,,,,,,,,,,,,,,,,,,,,,,,,,,,,,,,,,,,,,,,,,,,,,,,,,,,,,,,,,,,,,,,,,,,,,,,,,,,,,,,,,,,,,,,,,,,,,,,,,,,,,,,,,,,,,,,,,,,,,,,,,,,,,,,,,,,,,,,,,,,,,,,,,,,,,,,,,,,,,,,,,,,,,,,,,,,,,,,,,,,,,,,,,,,,,,,,,,,,,,,,,,,,,,,,,,,,,,,,,,,,,,,,,,,,,,,,,,,,,,,,,,,,,,,,,,,,,,,,,,,,,,,,,,,,,,,,,,,,,,,,,,,,,,,,,,,,,,,,,,,,,,,,,,,,,,,,,,,,,,,,,,,,,,,,,,,,,,,,
4/3/24 10:24,4/3/24 10:51,IP Address,*******,100,1652,TRUE,4/3/24 10:51,,*******,*******,*******,*******,*******,*******,anonymous,EN,0.8999999761581421,Yes,,,English,,,,,,,,No,,"10: luxurious,21: Many,22: of,23: the,24: rooms,25: offer,26: stunning,27: views,,39: The,40: hotel,41: also,42: has,43: a,44: range,45: of,46: dining,47: options.,58: a,59: range,60: of,61: sport,62: facilities,,93: making,94: it,95: an,96: ideal,97: choice,98: for,99: business,100: travelers.",No,No,"Libya
The hotel also has a range of dining options.",,No,,,"5
Egypt
Pets allowed","4
Libya
Unfortunately, the hotel is not pet-friendly.",Yes,"Unfortunately, the hotel is not pet-friendly.","the hotel is pet-friendly!
Unfortunately, the hotel is not pet-friendly.",,"21: luxurious,25: pulsating,35: cozy",No,,No,,No,,Yes,,,,,6,,Yes,,"7: alluring,20: swimming,21: pool.",No,,No,,Yes,swimming pool,,Yes,,,,4,,,,,,,,,,,,,,,,,,,,,,,,,,,,,,,,,,,,,,,,,,,,,,,,,,,,,,,,,,,,,,,,,,,,,,,,,,,,,,,,,,,,,,,,,,,,,,,,,,,,,,,,,,,,,,,,,,,,,,,,,,,,,,,,,,,,,,,,,,,,,,,,,,,,,,,,,,,,,,,,,,,,,,,,,,,,,,,,,,,,,,,,,,,,,,,,,,,,,,,,,,,,,,,,,,,,,,,,,,,,,,,,,,,,,,,,,,,,,,,,,,,,,,,,,,,,,,,,,,,,,,,,,,,,,,,,,,,,,,,,,,,,,,,,,,,,,,,,,,,,,,,"11: welcomes,12: guests,13: with,14: a,15: warm,16: and,17: inviting,18: atmosphere.,23: convenient,42: for,43: relaxation,44: and,45: rejuvenation.",No,,No,,No,,Yes,,,,,6,,,"1: Experience,2: luxury,22: This,23: prestigious,24: hotel,25: offers,26: unparalleled,27: hospitality",No,,No,,No,,Yes,,,,,6,,,"7: stunning,13: beautiful,18: It,19: offers,20: guests,21: an,22: exceptional,23: experience,24: with,25: a,26: variety,27: of,28: facilities,29: and,30: amenities.,31: The,32: resort,33: is,34: perfect,35: for,36: those,37: who,38: want,39: to,40: enjoy,41: a,42: comfortable,43: and,44: relaxing,45: stay,46: while,47: exploring,48: the,49: city.,79: and,80: a,81: flat-screen,82: TV,83: for,84: your,85: entertainment.,94: and,95: other,96: sports,97: activities,98: for,99: guests,100: to,101: enjoy.,159: making,160: it,161: suitable,162: for,163: guests,164: with,165: disabilities.,166: Overall,,167: the,168: Piscina,169: Rei,170: Resort,171: is,172: a,173: perfect,174: destination,175: for,176: those,177: seeking,178: a,179: luxurious,180: and,181: relaxing,182: stay,183: in,184: Italy.",No,,No,,Yes,flat-screen TV for your entertainment,,Yes,,,,5,Lots of additional fluff,"41: Kids,42: stay,43: for,44: free,,47: Wellness:,48: Body,49: treatments,,50: Hot,51: tub","12: luxurious,18: beautiful,25: stunning,28: breathtaking,29: views,30: of,31: the,32: Red,33: Sea,64: private,65: beach,,93: where,94: you,95: can,96: enjoy,97: a,98: refreshing,99: drink,100: or,101: a,102: light,103: snack,104: while,105: taking,106: in,107: the,108: stunning,109: views.,118: so,119: you,120: can,121: stay,122: connected,123: with,124: your,125: loved,126: ones,127: or,128: work,129: while,130: on,131: the,132: go.,143: providing,144: you,145: with,146: all,147: the,148: comforts,149: and,150: conveniences,151: you,152: need,153: for,154: a,155: relaxing,156: stay.,172: so,173: you,174: can,175: explore,176: the,177: underwater,178: world,179: of,180: the,181: Red,182: Sea.",No,,No,,Yes,"private beach
breathtaking views of the Red Sea",,No,No,,,4,,"22: Hotel,23: facilities:,24: Cashless,25: payment,,26: Car,27: hire,41: Organised,42: activities,43: for,44: kids,,45: Childcare,",,No,,Yes,No,,,,,,,,6,,10 minutes,1 hour,3,,5,4,"Yes, the definitions and the exercises made it very clear","The first mock experiment gives no feedback or seems to serve no purpose. I know it's there for practice, but without feedback it doesn't do very much. [It could give feedback that is non-penalizing]",5,,
4/5/24 5:18,4/5/24 6:18,IP Address,*******,100,3587,TRUE,4/5/24 6:18,,*******,*******,*******,*******,*******,*******,anonymous,EN,1,Yes,,,English,,,,,,,,No,"43: Wellness:,44: Steam,45: room","1: The,10: luxurious,13: located,14: in,15: the,16: heart,17: of,21: Many,22: of,23: the,24: rooms,25: offer,26: stunning,27: views,,39: The,40: hotel,41: also,42: has,43: a,44: range,45: of,46: dining,47: options.,55: the,56: hotel,57: has,58: a,59: range,60: of,61: sport,62: facilities,,93: making,94: it,95: an,96: ideal,97: choice,98: for,99: business,100: travelers.",No,No,"Libya
The hotel also has a range of dining options.
",,Yes,"5
Egypt
Pets allowed
","4
Libya
Unfortunately, the hotel is not pet-friendly.",,,Yes,"And if you are traveling with pets, the hotel is pet-friendly!
Unfortunately, the hotel is not pet-friendly.",,,"4: alluring,14: haven,21: luxurious,25: pulsating,31: enhanced,32: safety.,33: Unwind,35: cozy,36: rooms,40: Stay,41: active,47: relish,56: Pamper,57: yourself,59: invigorating",No,,No,,No,,Yes,,,,,7,,Yes,,"7: alluring,20: swimming,21: pool.",No,,No,,Yes,swimming pool,,Yes,,,,5,,,,,,,,,,,,,,,,,,,,,,,,,,,,,,,,,,,,,,,,,,,,,,,,,,,,,,,,,,,,,,,,,,,,,,,,,,,,,,,,,,,,,,,,,,,,,,,,,,,,,,,,,,,,,,,,,,,,,,,,,,,,,,,,,,,,,,,,,,,,,,,,,,,,,,,,,,,,,,,,,,,,,,,,,,,,,,,,,,,,,,,,,,,,,,,,,,,,,,,,,,,,,,,,,,,,,,,,,,,,,,,,,,,,"6: charming,16: comfortable,32: enjoy,34: complimentary,42: for,43: convenience.,58: entertainment.,59: Families,60: with,61: children,62: will,63: appreciate,73: indulge,75: relaxing,87: for,88: all,89: guests,98: convenient,99: parking,100: options.",No,,No,,Yes,complimentary,,Yes,,,,6,,,"11: luxurious,23: world-class,30: perfect,31: place,32: for,33: a,34: relaxing,35: and,36: comfortable,37: stay.,42: range,43: of,44: facilities,79: range,80: of,81: room,82: amenities,88: you,89: can,90: stay,91: connected,92: throughout,93: your,94: stay.,100: range,107: keep,108: you,109: active,110: and,111: relaxed,112: during,113: your,114: stay.,121: beautiful,122: area,123: of,126: offers,127: stunning,128: views,129: of,130: the,131: surrounding,132: countryside.,141: ideal,142: choice,144: those,145: with,146: mobility,147: issues.,159: perfect,160: choice,166: luxurious,167: and,168: comfortable,169: stay",Yes,keep you active and relaxed,,,,,,,,,,7,"It's redundant and the second half of it is not necessary, the first half summarizes it well enough",,"10: charming,42: where,43: guests,44: can,45: enjoy,46: a,47: refreshing,48: drink,49: or,50: a,51: light,52: snack.,65: offering,66: stunning,67: views,68: of,69: the,70: surrounding,71: area.,73: sports,74: enthusiasts,,147: available,148: for,149: guests,150: with,151: disabilities.,152: Overall,,153: Piscina,154: Rei,155: is,156: an,157: excellent,158: choice,159: for,160: travelers,161: seeking,162: a,163: comfortable,164: and,165: enjoyable,166: stay,167: in,168: Muravera,,169: Italy.",No,,No,,No,,Yes,,,,,7,,"25: WiFi,26: in,27: public,28: areas,,36: Sport:,37: Diving,41: Kids,42: stay,43: for,44: free,,52: Accessibility:,53: Accessible,54: parking","50: fitness,51: centre",No,,No,,Yes,fitness centre,,No,No,,,6,,"6: a,7: Destination,8: by,9: Hyatt,10: Residence,17: Country:,18: USA,31: Cosmetic,32: mirror,,46: Kids',47: club,51: Hot,52: stone,53: massage,55: Wheelchair,56: accessible","1: Nestled,12: haven,13: offering,14: tranquility.,16: well-equipped,24: Indulge,25: in,26: a,27: relaxing,31: rejuvenate,42: you,43: enjoy,44: organized,45: activities,48: enjoy,54: ensure,55: comfort,56: for,57: all.,64: add,65: convenience,,71: provide,72: peace,73: of,74: mind,75: for,76: parents.",No,,No,,No,,No,,,,,5,"It should mention Hyatt as that's a known brand, and where the output provides some of the options within each category it should maybe say ""and much more"" or something otherwise a traveler might think the summary is comprehensive when it's not.",,,,,,,,,,,,,,,,,,,,,,,,,,,,,,,,,,,,,,,,,,,,,,,,,,,,,,,,,,,,,,,,,,,,,,,,,,,,4-5 minutes?,45 minutes?,2,"Remembering what is included in each category (e.g. what is and is divergent, what is and isn't contradiction/ do opinion statements matter etc.)",5,5,Yes,"Under factually wrong information you state that information that is unverifiable is not considered factually wrong. In one of the training examples it said that the ""all"" from all rooms have balconies is ""information that is unverifiable"" and therefore is not factually wrong. But, 1. that is verifiable, and 2. who's perspective are we saying it is/ isn't verifiable from? The hotel could verify it but, we could verify it by calling the hotel etc. I would maybe add something in there to address that.",5,When completing this survey on my laptop the width of the survey was greater than the width of my screen and I had to keep scrolling to the right to see everything. I almost didn't realize the scale went up to 7 because it was off my screen.,Let us know when the results are published! Always happy to help ya 
4/2/24 2:59,4/2/24 3:04,IP Address,*******,4,301,FALSE,4/9/24 3:04,,*******,*******,*******,*******,*******,*******,anonymous,EN,1,Yes,,,"Other (please, specify)",Portuguese,4,,,,,,No,,,,,,,,,,,,,,,,,,,,,,,,,,,,,,,,,,,,,,,,,,,,,,,,,,,,,,,,,,,,,,,,,,,,,,,,,,,,,,,,,,,,,,,,,,,,,,,,,,,,,,,,,,,,,,,,,,,,,,,,,,,,,,,,,,,,,,,,,,,,,,,,,,,,,,,,,,,,,,,,,,,,,,,,,,,,,,,,,,,,,,,,,,,,,,,,,,,,,,,,,,,,,,,,,,,,,,,,,,,,,,,,,,,,,,,,,,,,,,,,,,,,,,,,,,,,,,,,,,,,,,,,,,,,,,,,,,,,,,,,,,,,,,,,,,,,,,,,,,,,,,,,,,,,,,,,,,,,,,,,,,,,,,,,,,,,,,,,,,,,,,,,,,,,,,,,,,,,,,,,,,,,,,,,,,,,,,,,,,,,,,,,,,,,,,,,,,,,,,,,,,,,,,,,,,,,,,,,,,,,,,,,,,,,,,,
4/2/24 5:43,4/2/24 5:45,IP Address,*******,2,105,FALSE,4/9/24 5:45,,*******,*******,*******,*******,*******,*******,anonymous,EN,1,Yes,,,"Other (please, specify)",Hindi,4,,,,,,No,,,,,,,,,,,,,,,,,,,,,,,,,,,,,,,,,,,,,,,,,,,,,,,,,,,,,,,,,,,,,,,,,,,,,,,,,,,,,,,,,,,,,,,,,,,,,,,,,,,,,,,,,,,,,,,,,,,,,,,,,,,,,,,,,,,,,,,,,,,,,,,,,,,,,,,,,,,,,,,,,,,,,,,,,,,,,,,,,,,,,,,,,,,,,,,,,,,,,,,,,,,,,,,,,,,,,,,,,,,,,,,,,,,,,,,,,,,,,,,,,,,,,,,,,,,,,,,,,,,,,,,,,,,,,,,,,,,,,,,,,,,,,,,,,,,,,,,,,,,,,,,,,,,,,,,,,,,,,,,,,,,,,,,,,,,,,,,,,,,,,,,,,,,,,,,,,,,,,,,,,,,,,,,,,,,,,,,,,,,,,,,,,,,,,,,,,,,,,,,,,,,,,,,,,,,,,,,,,,,,,,,,,,,,,,,
4/2/24 2:28,4/2/24 5:45,IP Address,*******,4,11827,FALSE,4/9/24 5:45,,*******,*******,*******,*******,*******,*******,anonymous,EN,0.8999999761581421,Yes,,,"Other (please, specify)",German,3,,,,,,No,,,,,,,,,,,,,,,,,,,,,,,,,,,,,,,,,,,,,,,,,,,,,,,,,,,,,,,,,,,,,,,,,,,,,,,,,,,,,,,,,,,,,,,,,,,,,,,,,,,,,,,,,,,,,,,,,,,,,,,,,,,,,,,,,,,,,,,,,,,,,,,,,,,,,,,,,,,,,,,,,,,,,,,,,,,,,,,,,,,,,,,,,,,,,,,,,,,,,,,,,,,,,,,,,,,,,,,,,,,,,,,,,,,,,,,,,,,,,,,,,,,,,,,,,,,,,,,,,,,,,,,,,,,,,,,,,,,,,,,,,,,,,,,,,,,,,,,,,,,,,,,,,,,,,,,,,,,,,,,,,,,,,,,,,,,,,,,,,,,,,,,,,,,,,,,,,,,,,,,,,,,,,,,,,,,,,,,,,,,,,,,,,,,,,,,,,,,,,,,,,,,,,,,,,,,,,,,,,,,,,,,,,,,,,,,
4/10/24 7:27,4/10/24 8:36,IP Address,*******,100,4191,TRUE,4/10/24 8:36,,*******,*******,*******,*******,*******,*******,anonymous,EN,0.8999999761581421,Yes,,,"Other (please, specify)",Indonesian,4,,,,,,Yes,"43: Wellness:,44: Steam,45: room","10: luxurious,26: stunning,27: views,,39: The,40: hotel,41: also,42: has,43: a,44: range,45: of,46: dining,47: options.,99: business,100: travelers.,115: before,116: or,117: after,118: check-in.",No,No,"Libya
The hotel also has a range of dining options.",,Yes,"5
Egypt
Pets allowed","4
Libya
Unfortunately, the hotel is not pet-friendly.",,,Yes,"And if you are traveling with pets, the hotel is pet-friendly!
Unfortunately, the hotel is not pet-friendly.",,,"4: alluring,21: luxurious",No,,No,,No,,Yes,,,,,6,,Yes,,"7: alluring,20: swimming,21: pool.",No,,No,,Yes,swimming pool.,,Yes,,,,3,,,,,,,,,,,,,,,,,,,,,,,,,,,,,,,,,,,,,,,,,,,,,,,,,,,,,,,,,,,,,,,,,,,,,,,,,,,,,"38: Accessibility:,39: Accessible,40: hotel,,41: Wheelchair,42: accessible,,43: Accessible,44: parking","6: charming,12: heart,107: delicious",No,,No,,No,,No,,,,,4,,"20: Hotel,29: (rooms),30: Sport:,31: Horse,32: riding,,33: Diving,36: Organised,37: activities,38: for,39: kids,,47: Accessible,48: bathroom,",,No,,Yes,No,,,,,,,,2,"There's a typo of ""Baha de Banderas"" in the output",,"3: coastal,4: bliss,19: tranquil",No,,No,,No,,Yes,,,,,6,"""Tranquil"" or ""alluring"", etc, are subjective words to describe an accommodation, and I'm not so sure if it should be highlighted as divergent or not.","41: Kids,42: stay,43: for,44: free,","2: luxury,21: Nestled,22: along,23: the,24: picturesque,25: coastline,",No,,No,,Yes,"Nestled along the picturesque coastline,",,No,No,,,5,"I'm not so sure if ""Nestled along the picturesque coastline,"" is factually wrong or not. But it has a potential to be wrong given the unknown information in the input. But one can also assume the hotel is located on the coast due to having a beach bar, but not necessarily always true.",,,No,,Yes,Yes,,,,,,,,7,,,,,,,,,,,,,,,,,,,,,,,,,,,,,,,,,,,,,,,,,,,,,,,,,,,,,,,,,,,,,,,,,,,,,,,,,,,,,,,,,,,,,,,,,,,,,,,,,,,,,,,,,,,,,,,,,,,,,,,,,,,,,,,,,,,,,,,,,,,,,,,,,,,,,,,,,,,,,,,,,,,,,,,,,,,,,,,,,,,,,,,,,,,,,,,,,,,,,,,,,,,,,,,,,,,,,,,,,,,,,,,,,,,5-10 minutes,2 hours in total including the failed comprehension check,4,Judging subjective parts or gray areas,5,5,Yes,,4,To be able to copy and paste text more easily,
4/8/24 2:16,4/8/24 2:18,IP Address,*******,1,126,FALSE,4/15/24 2:19,,*******,*******,*******,*******,*******,*******,anonymous,EN,0.8999999761581421,Yes,,,"Other (please, specify)",AR,3,,,,,,,,,,,,,,,,,,,,,,,,,,,,,,,,,,,,,,,,,,,,,,,,,,,,,,,,,,,,,,,,,,,,,,,,,,,,,,,,,,,,,,,,,,,,,,,,,,,,,,,,,,,,,,,,,,,,,,,,,,,,,,,,,,,,,,,,,,,,,,,,,,,,,,,,,,,,,,,,,,,,,,,,,,,,,,,,,,,,,,,,,,,,,,,,,,,,,,,,,,,,,,,,,,,,,,,,,,,,,,,,,,,,,,,,,,,,,,,,,,,,,,,,,,,,,,,,,,,,,,,,,,,,,,,,,,,,,,,,,,,,,,,,,,,,,,,,,,,,,,,,,,,,,,,,,,,,,,,,,,,,,,,,,,,,,,,,,,,,,,,,,,,,,,,,,,,,,,,,,,,,,,,,,,,,,,,,,,,,,,,,,,,,,,,,,,,,,,,,,,,,,,,,,,,,,,,,,,,,,,,,,,,,,,,,,,,,,
4/8/24 2:17,4/8/24 2:22,IP Address,*******,3,322,FALSE,4/15/24 2:22,,*******,*******,*******,*******,*******,*******,anonymous,EN,0.699999988,Yes,,,English,,,,,,,,No,,,,,,,,,,,,,,,,,,,,,,,,,,,,,,,,,,,,,,,,,,,,,,,,,,,,,,,,,,,,,,,,,,,,,,,,,,,,,,,,,,,,,,,,,,,,,,,,,,,,,,,,,,,,,,,,,,,,,,,,,,,,,,,,,,,,,,,,,,,,,,,,,,,,,,,,,,,,,,,,,,,,,,,,,,,,,,,,,,,,,,,,,,,,,,,,,,,,,,,,,,,,,,,,,,,,,,,,,,,,,,,,,,,,,,,,,,,,,,,,,,,,,,,,,,,,,,,,,,,,,,,,,,,,,,,,,,,,,,,,,,,,,,,,,,,,,,,,,,,,,,,,,,,,,,,,,,,,,,,,,,,,,,,,,,,,,,,,,,,,,,,,,,,,,,,,,,,,,,,,,,,,,,,,,,,,,,,,,,,,,,,,,,,,,,,,,,,,,,,,,,,,,,,,,,,,,,,,,,,,,,,,,,,,,,,
4/8/24 3:26,4/8/24 3:27,IP Address,*******,3,73,FALSE,4/15/24 3:27,,*******,*******,*******,*******,*******,*******,anonymous,EN,0.8999999761581421,Yes,,,English,,,,,,,,No,,,,,,,,,,,,,,,,,,,,,,,,,,,,,,,,,,,,,,,,,,,,,,,,,,,,,,,,,,,,,,,,,,,,,,,,,,,,,,,,,,,,,,,,,,,,,,,,,,,,,,,,,,,,,,,,,,,,,,,,,,,,,,,,,,,,,,,,,,,,,,,,,,,,,,,,,,,,,,,,,,,,,,,,,,,,,,,,,,,,,,,,,,,,,,,,,,,,,,,,,,,,,,,,,,,,,,,,,,,,,,,,,,,,,,,,,,,,,,,,,,,,,,,,,,,,,,,,,,,,,,,,,,,,,,,,,,,,,,,,,,,,,,,,,,,,,,,,,,,,,,,,,,,,,,,,,,,,,,,,,,,,,,,,,,,,,,,,,,,,,,,,,,,,,,,,,,,,,,,,,,,,,,,,,,,,,,,,,,,,,,,,,,,,,,,,,,,,,,,,,,,,,,,,,,,,,,,,,,,,,,,,,,,,,,,
4/15/24 4:42,4/15/24 4:57,IP Address,*******,100,900,TRUE,4/15/24 4:57,,*******,*******,*******,*******,*******,*******,anonymous,EN,0.8999999761581421,Yes,,,"Other (please, specify)",Spanish,4,,,,,,No,"44: Steam,45: room","15: the,16: heart,17: of,26: stunning,27: views,,39: The,40: hotel,41: also,42: has,43: a,44: range,45: of,46: dining,47: options.",No,No,"Libya
","Libya
The hotel also has a range of dining options.",Yes,5,4,"5
Egypt
Pets allowed","4
Libya
Unfortunately, the hotel is not pet-friendly.",Yes,"And if you are traveling with pets, the hotel is pet-friendly!
Unfortunately, the hotel is not pet-friendly.",,,"64: wellness,65: center.",No,,Yes,No,,,,,,,,6,,Yes,,"20: swimming,21: pool.",No,,No,,No,,Yes,,,,,6,,,,,,,,,,,,,,,,,,,,,,,,,,,,,,,,,,,,,,,,,,,,,,,,,,,,,,,,,,,,,,,,,,,,,,,,,,,,,,,,,,,,,,,,,,,,,,,,,,,,,,,,,,,,,,,,,,,,,,,,,,,,,,,,,,,,,,,,,,,,,,,,,,,,,,,,,,,,,,,,,,,,,,,,,,,,,,,,,,,,,,,,,,,,,,,,,,,,,,,,,,,,,,,,,,,,,,,,,,,,,,,,,,,,,,,,,,,,,,,,,,,,,,,,,,,,,,,,,,,,,,,,,,,,,,,,,,,,,,,,,,,,,,,,,,,,,,,,,,,,,,,,,,,,,,,,,,,,,,,,,,,,,,,,,,,,,,,,,,,,,,,,,,,,,,,,,,,,,,,,,,,,,,,,,,,,,,,,,,,,,,,,,,,
4/15/24 6:53,4/15/24 9:21,IP Address,*******,100,8859,TRUE,4/15/24 9:21,,*******,*******,*******,*******,*******,*******,anonymous,EN,0.8999999761581421,Yes,,,"Other (please, specify)",Konkani (India),4,,,,,,No,,"25: offer,26: stunning,27: views,,59: range,60: of,61: sport,62: facilities,,96: ideal,97: choice,98: for,99: business,100: travelers.",No,No,"Libya
The hotel also has a range of dining options","Libya
The hotel also has a range of dining options.",Yes,"5
Egypt
Pets allowed","4
Libya
Unfortunately, the hotel is not pet-friendly.",,,Yes,"And if you are traveling with pets, the hotel is pet-friendly!
Unfortunately, the hotel is not pet-friendly.",,,,No,,Yes,Yes,,,,,,,,6,,Yes,,"7: alluring,20: swimming,21: pool.",No,,No,,Yes,swimming pool,,Yes,,,,5,,,,,,,,,,,,,,,,,,,,,,,,,,,,,,,,,,,,,,,,,,,,,,,,,,,,,,,,,,,,,,,,,,,,,,,,,,,,,,,,,,,,,,,,,,,,,,,,,,,,,,,,,,,,,,,,,,,,,,,,,,,,,,,,,,,,,,,,,,,,,,,,,,,,,,,,,,,,,,,,,,,,,,,,,,,,,,,,,,,,,,,,,,,,,,,,,,,,,,,,,,,,,,,,,,,,,,,,,,,,,,,,,,,,,,,,,,,,,,,,,,,,,,,,,,,,,,,,,,,,,,,,,,,,,,,,,,,,,,,,,,,,,,,,,,,,,,,,,,,,,,"41: Wheelchair,42: accessible,","5: cozy,11: welcomes,12: guests,13: with,14: a,15: warm,16: and,17: inviting,18: atmosphere.,23: convenient,42: for,43: relaxation,44: and,45: rejuvenation.,77: comfortable,78: rooms",No,,No,,No,,No,,,,,6,,,"2: luxury,3: at,4: its,5: finest,23: prestigious,26: unparalleled,27: hospitality,28: with,29: a,30: range,31: of,32: amenities,33: and,34: services,79: Families,80: will,81: appreciate,96: hotel,97: facilities,98: cater,99: to,100: all,101: guests',102: needs.",No,,No,,No,,Yes,,,,,5,,,"22: exceptional,23: experience,24: with,25: a,26: variety,27: of,28: facilities,29: and,30: amenities.,34: perfect,35: for,36: those,37: who,38: want,39: to,40: enjoy,41: a,42: comfortable,43: and,44: relaxing,45: stay,46: while,47: exploring,48: the,49: city.,59: a,60: drink,61: or,62: two,63: with,64: friends,65: or,66: family.,81: flat-screen,82: TV,83: for,84: your,85: entertainment.,95: other,96: sports,97: activities,98: for,99: guests,139: indulge,140: in,141: some,142: pampering,143: during,144: their,145: stay.,161: suitable,162: for,163: guests,164: with,165: disabilities.,173: perfect,174: destination,175: for,176: those,177: seeking,178: a,179: luxurious,180: and,181: relaxing,182: stay,183: in,184: Italy.",No,,No,,Yes,flat screen TV for your entertainment,,Yes,,,,4,,"20: Hotel,41: Kids,42: stay,43: for,44: free,,48: Body,49: treatments,,50: Hot,51: tub,53: Accessible,54: parking","12: luxurious,25: stunning,26: accommodation,27: offers,28: breathtaking,29: views,30: of,31: the,32: Red,33: Sea,34: and,35: provides,36: guests,37: with,38: a,39: wide,40: range,41: of,42: facilities,43: and,44: amenities,45: to,46: ensure,47: a,48: comfortable,49: and,50: enjoyable,51: stay.,60: enjoy,61: access,62: to,63: a,64: private,65: beach,,69: soak,70: up,71: the,72: sun,73: and,74: take,75: a,76: refreshing,77: dip,78: in,79: the,80: crystal-clear,81: waters,82: of,83: the,84: Red,85: Sea.,96: enjoy,97: a,98: refreshing,99: drink,100: or,101: a,102: light,103: snack,104: while,105: taking,106: in,107: the,108: stunning,109: views.,113: free,114: WiFi,115: in,116: public,117: areas,,121: stay,122: connected,123: with,124: your,125: loved,126: ones,127: or,128: work,129: while,130: on,131: the,132: go.,146: all,147: the,148: comforts,149: and,150: conveniences,151: you,152: need,153: for,154: a,155: relaxing,156: stay.,172: so,173: you,174: can,175: explore,176: the,177: underwater,178: world,179: of,180: the,181: Red,182: Sea.,186: offers,187: childcare,188: services,",No,,No,,Yes,"breathtaking views of the Red Sea
enjoy access to a private beach
free WiFi in public areas
offers childcare services
",,No,No,,,3,,"24: Cashless,25: payment,,26: Car,27: hire,41: Organised,42: activities,43: for,44: kids,,45: Childcare,,54: Accessibility:,55: Wheelchair,56: accessible",,No,,Yes,No,,,,,,,,6,,5-10 minutes,1 hour,3,understanding the terminology and how it applies,4,4,Yes,,4,,
4/15/24 9:37,4/15/24 10:04,IP Address,*******,100,1613,TRUE,4/15/24 10:04,,*******,*******,*******,*******,*******,*******,anonymous,EN,0.8999999761581421,Yes,,,English,,,,,,,,No,,"10: luxurious,13: located,14: in,15: the,16: heart,17: of,21: Many,22: of,23: the,24: rooms,25: offer,26: stunning,27: views,,39: The,40: hotel,41: also,42: has,43: a,44: range,45: of,46: dining,47: options.,48: For,49: those,50: who,51: like,52: to,53: stay,54: active,,70: If,71: you,72: are,73: traveling,74: with,75: children,,93: making,94: it,95: an,96: ideal,97: choice,98: for,99: business,100: travelers.,107: for,108: those,109: who,110: need,111: to,112: store,113: their,114: bags,115: before,116: or,117: after,118: check-in.,119: For,120: those,121: with,122: accessibility,123: needs,,129: And,130: if,131: you,132: are,133: traveling,134: with,135: pets,",No,No,"Libya
The hotel also has a range of dining options","Libya
The hotel also has a range of dining options.",Yes,"5
Egypt
Pets allowed","4
Libya
Unfortunately, the hotel is not pet-friendly.",,,Yes,"And if you are traveling with pets, the hotel is pet-friendly!
Unfortunately, the hotel is not pet-friendly.",,,"4: alluring,14: haven,21: luxurious,25: pulsating,31: enhanced,32: safety.,35: cozy,36: rooms,37: boasting,59: invigorating",No,,No,,No,,Yes,,,,,3,,Yes,,"7: alluring,20: swimming,21: pool.",No,,No,,Yes,swimming pool,,No,Yes,Hotel facilities: Hotel safe,"Hotel facilities include hotel safe, swimming pool.",5,,,,,,,,,,,,,,,,,,,,,,,,,,,,,,,,,,,,,,,,,,,,,,,,,,,,,,,,,,,,,,,,,,,,,,,,,,,,,,,,,,,,,,,,,,,,,,,,,,,,,,,,,,,,,,,,,,,,,,,,,,,,,,,,,,,,,,,,,,,,,,,,,,,,,,,,,,,,,,,,,,,,,,,,,,,,,,,,,,,,,,,,,,,,,,,,,,,,,,,,,,,,,,,,,,,,,,,,,,,,,,,,,,,,,,,,,,,,,,,,,,,,,,,,,,,,,,,,,,,,,,,,,,,,,,,,,,,,,,,,,,,,,,,,,,,,,,,,,,,,,,,,,,,,,,,,,,,,,,,,,,,,,,,,,,,,,,,,,,,,,,,,,,,,,,,,,,,,,,,,,,,,,,,,,,,,,,,,,,,,,,,,,,,
4/9/24 2:10,4/9/24 2:14,IP Address,*******,4,290,FALSE,4/16/24 2:14,,*******,*******,*******,*******,*******,*******,anonymous,EN,0.8999999761581421,Yes,,,"Other (please, specify)",Spanish,4,,,,,,No,,,,,,,,,,,,,,,,,,,,,,,,,,,,,,,,,,,,,,,,,,,,,,,,,,,,,,,,,,,,,,,,,,,,,,,,,,,,,,,,,,,,,,,,,,,,,,,,,,,,,,,,,,,,,,,,,,,,,,,,,,,,,,,,,,,,,,,,,,,,,,,,,,,,,,,,,,,,,,,,,,,,,,,,,,,,,,,,,,,,,,,,,,,,,,,,,,,,,,,,,,,,,,,,,,,,,,,,,,,,,,,,,,,,,,,,,,,,,,,,,,,,,,,,,,,,,,,,,,,,,,,,,,,,,,,,,,,,,,,,,,,,,,,,,,,,,,,,,,,,,,,,,,,,,,,,,,,,,,,,,,,,,,,,,,,,,,,,,,,,,,,,,,,,,,,,,,,,,,,,,,,,,,,,,,,,,,,,,,,,,,,,,,,,,,,,,,,,,,,,,,,,,,,,,,,,,,,,,,,,,,,,,,,,,,,
4/16/24 6:36,4/16/24 15:24,IP Address,*******,100,31674,TRUE,4/16/24 15:24,,*******,*******,*******,*******,*******,*******,anonymous,EN,0.8999999761581421,Yes,,,English,,,,,,,,No,,"26: stunning,27: views,,46: dining,47: options.",No,No,"Libya
Many of the rooms offer stunning views
The hotel also has a range of dining options","Libya
The hotel also has a range of dining options.",Yes,"5
Egypt
Pets Allowed","4
Libya
Unfortunately, the hotel is not pet-friendly.",,,Yes,"And if you are traveling with pets, the hotel is pet-friendly!
Unfortunately, the hotel is not pet-friendly.",,,"21: luxurious,22: stay,35: cozy,36: rooms,64: wellness,65: center.",No,,No,,No,,Yes,,,,,6,,No,,,,,,,,,,,,,,,,,,,,,,,,,,,,,,,,,,,,,,,,,,,,,,,,,,,,,,,,,,,,,,,,,,,,,,,,,,,,,,,,,,,,,,,,,,,,,,,,,,,,,,,,,,,,,,,,,,,,,,,,,,,,,,,,,,,,,,,,,,,,,,,,,,,,,,,,,,,,,,,,,,,,,,,,,,,,,,,,,,,,,,,,,,,,,,,,,,,,,,,,,,,,,,,,,,,,,,,,,,,,,,,,,,,,,,,,,,,,,,,,,,,,,,,,,,,,,,,,,,,,,,,,,,,,,,,,,,,,,,,,,,,,,,,,,,,,,,,,,,,,,,,,,,,,,,,,,,,,,,,,,,,,,,,,,,,,,,,,,,,,,,,,,,,,,,,,,,,,,,,,,,,,,,,,,,,,,,,,,,,,,,,,,,,,,,,,,,,,,,,,,
4/10/24 7:45,4/10/24 7:51,IP Address,*******,4,361,FALSE,4/17/24 7:51,,*******,*******,*******,*******,*******,*******,anonymous,EN,0.8999999761581421,Yes,,,"Other (please, specify)",Persian,5,,,,,,No,,,,,,,,,,,,,,,,,,,,,,,,,,,,,,,,,,,,,,,,,,,,,,,,,,,,,,,,,,,,,,,,,,,,,,,,,,,,,,,,,,,,,,,,,,,,,,,,,,,,,,,,,,,,,,,,,,,,,,,,,,,,,,,,,,,,,,,,,,,,,,,,,,,,,,,,,,,,,,,,,,,,,,,,,,,,,,,,,,,,,,,,,,,,,,,,,,,,,,,,,,,,,,,,,,,,,,,,,,,,,,,,,,,,,,,,,,,,,,,,,,,,,,,,,,,,,,,,,,,,,,,,,,,,,,,,,,,,,,,,,,,,,,,,,,,,,,,,,,,,,,,,,,,,,,,,,,,,,,,,,,,,,,,,,,,,,,,,,,,,,,,,,,,,,,,,,,,,,,,,,,,,,,,,,,,,,,,,,,,,,,,,,,,,,,,,,,,,,,,,,,,,,,,,,,,,,,,,,,,,,,,,,,,,,,,
4/8/24 5:47,4/12/24 2:22,IP Address,*******,18,333318,FALSE,4/19/24 2:22,,*******,*******,*******,*******,*******,*******,anonymous,EN,1,Yes,,,"Other (please, specify)","Arabic, German",5,,,,,,No,"44: Steam,45: room","16: heart,26: stunning,27: views,,46: dining,47: options.,57: has,58: a,59: range,60: of,61: sport,62: facilities,,93: making,94: it,95: an,96: ideal,97: choice,98: for,99: business,100: travelers.,115: before,116: or,117: after,118: check-in.",No,No,"Libya
The hotel also has a range of dining options","Libya
The hotel also has a range of dining options.",Yes,"5
Egypt
Pets allowed","4
Libya
Unfortunately, the hotel is not pet-friendly.",,,Yes,"And if you are traveling with pets, the hotel is pet-friendly!
Unfortunately, the hotel is not pet-friendly.
",,,,,,,,,,,,,,,,,,,,,,,,,,,,,,,,,,,,,,,,,,,,,,,,,,,,,,,,,,,,,,,,,,,,,,,,,,,,,,,,,,,,,,,,,,,,,,,,,,,,,,,,,,,,,,,,,,,,,,,,,,,,,,,,,,,,,,,,,,,,,,,,,,,,,,,,,,,,,,,,,,,,,,,,,,,,,,,,,,,,,,,,,,,,,,,,,,,,,,,,,,,,,,,,,,,,,,,,,,,,,,,,,,,,,,,,,,,,,,,,,,,,,,,,,,,,,,,,,,,,,,,,,,,,,,,,,,,,,,,,,,,,,,,,,,,,,,,,,,,,,,,,,,,,,,,,,,,,,,,,,,,,,,,,,,,,,,,,,,,,,,,,,,,,,,,,,,,,,,,,,,,,,,,,,,,,,,,,,,,,,,,,,,,,,,,,,,,,,,,,,,,,,,,,,,,,,,,,,,
4/15/24 4:51,4/15/24 5:05,IP Address,*******,4,817,FALSE,4/22/24 5:05,,*******,*******,*******,*******,*******,*******,anonymous,EN,0.8999999761581421,Yes,,,"Other (please, specify)",Korean,3,,,,,,No,,,,,,,,,,,,,,,,,,,,,,,,,,,,,,,,,,,,,,,,,,,,,,,,,,,,,,,,,,,,,,,,,,,,,,,,,,,,,,,,,,,,,,,,,,,,,,,,,,,,,,,,,,,,,,,,,,,,,,,,,,,,,,,,,,,,,,,,,,,,,,,,,,,,,,,,,,,,,,,,,,,,,,,,,,,,,,,,,,,,,,,,,,,,,,,,,,,,,,,,,,,,,,,,,,,,,,,,,,,,,,,,,,,,,,,,,,,,,,,,,,,,,,,,,,,,,,,,,,,,,,,,,,,,,,,,,,,,,,,,,,,,,,,,,,,,,,,,,,,,,,,,,,,,,,,,,,,,,,,,,,,,,,,,,,,,,,,,,,,,,,,,,,,,,,,,,,,,,,,,,,,,,,,,,,,,,,,,,,,,,,,,,,,,,,,,,,,,,,,,,,,,,,,,,,,,,,,,,,,,,,,,,,,,,,,
4/15/24 5:01,4/15/24 6:03,IP Address,*******,4,3705,FALSE,4/22/24 6:03,,*******,*******,*******,*******,*******,*******,anonymous,EN,0.8999999761581421,Yes,,,"Other (please, specify)",Chinese,3,,,,,,No,,,,,,,,,,,,,,,,,,,,,,,,,,,,,,,,,,,,,,,,,,,,,,,,,,,,,,,,,,,,,,,,,,,,,,,,,,,,,,,,,,,,,,,,,,,,,,,,,,,,,,,,,,,,,,,,,,,,,,,,,,,,,,,,,,,,,,,,,,,,,,,,,,,,,,,,,,,,,,,,,,,,,,,,,,,,,,,,,,,,,,,,,,,,,,,,,,,,,,,,,,,,,,,,,,,,,,,,,,,,,,,,,,,,,,,,,,,,,,,,,,,,,,,,,,,,,,,,,,,,,,,,,,,,,,,,,,,,,,,,,,,,,,,,,,,,,,,,,,,,,,,,,,,,,,,,,,,,,,,,,,,,,,,,,,,,,,,,,,,,,,,,,,,,,,,,,,,,,,,,,,,,,,,,,,,,,,,,,,,,,,,,,,,,,,,,,,,,,,,,,,,,,,,,,,,,,,,,,,,,,,,,,,,,,,,
4/15/24 5:13,4/16/24 5:56,IP Address,*******,3,88972,FALSE,4/23/24 5:56,,*******,*******,*******,*******,*******,*******,anonymous,EN,0.8999999761581421,Yes,,,"Other (please, specify)",Spanish,4,,,,,,No,,,,,,,,,,,,,,,,,,,,,,,,,,,,,,,,,,,,,,,,,,,,,,,,,,,,,,,,,,,,,,,,,,,,,,,,,,,,,,,,,,,,,,,,,,,,,,,,,,,,,,,,,,,,,,,,,,,,,,,,,,,,,,,,,,,,,,,,,,,,,,,,,,,,,,,,,,,,,,,,,,,,,,,,,,,,,,,,,,,,,,,,,,,,,,,,,,,,,,,,,,,,,,,,,,,,,,,,,,,,,,,,,,,,,,,,,,,,,,,,,,,,,,,,,,,,,,,,,,,,,,,,,,,,,,,,,,,,,,,,,,,,,,,,,,,,,,,,,,,,,,,,,,,,,,,,,,,,,,,,,,,,,,,,,,,,,,,,,,,,,,,,,,,,,,,,,,,,,,,,,,,,,,,,,,,,,,,,,,,,,,,,,,,,,,,,,,,,,,,,,,,,,,,,,,,,,,,,,,,,,,,,,,,,,,,
4/12/24 4:49,4/18/24 4:45,IP Address,*******,8,518213,FALSE,4/25/24 4:46,,*******,*******,*******,*******,*******,*******,anonymous,EN,0.8999999761581421,Yes,,,"Other (please, specify)",Arabic,5,,,,,,No,,46: dining,,,,,,,,,,,,,,,,,,,,,,,,,,,,,,,,,,,,,,,,,,,,,,,,,,,,,,,,,,,,,,,,,,,,,,,,,,,,,,,,,,,,,,,,,,,,,,,,,,,,,,,,,,,,,,,,,,,,,,,,,,,,,,,,,,,,,,,,,,,,,,,,,,,,,,,,,,,,,,,,,,,,,,,,,,,,,,,,,,,,,,,,,,,,,,,,,,,,,,,,,,,,,,,,,,,,,,,,,,,,,,,,,,,,,,,,,,,,,,,,,,,,,,,,,,,,,,,,,,,,,,,,,,,,,,,,,,,,,,,,,,,,,,,,,,,,,,,,,,,,,,,,,,,,,,,,,,,,,,,,,,,,,,,,,,,,,,,,,,,,,,,,,,,,,,,,,,,,,,,,,,,,,,,,,,,,,,,,,,,,,,,,,,,,,,,,,,,,,,,,,,,,,,,,,,,,,,,,,,,,,,,,,,,,,